Workbook
Name adatbázis: Európa!$A$1:$E$41

Sheet Európa
A1: Ország | B1: Legrégebbi nemzeti park | C1: Nemzeti parkok száma | D1: Teljes terület | E1: Arány az ország területéhez képest
A2: Albánia | B2: 1966 | C2: 14 | D2: 1177 | E2: 0.041 | G2: A nemzeti parkok területe a legnagyobb: | O2: Teljes terület
A3: Ausztria | B3: 1981 | C3: 7 | D3: 2521 | E3: 0.03 | G3: =DGET(adatbázis,A1,O2:O3) -> Oroszország | O3: =MAX(D2:D41) -> 73000
A4: Belarusszia | B4: 1939 | C4: 4 | D4: 2222 | E4: 0.01 | G4: Több nemzeti parkkal rendelkezik, mint Magyarország: | O4: Nemzeti parkok száma | P4: Ország
A5: Belgium | B5: 2006 | C5: 1 | D5: 57 | E5: 0.002 | G5: =DCOUNT(adatbázis,C1,O4:O5) -> 14 | O5: =">"&DGET(adatbázis,C1,P4:P5) -> >10 | P5: Magyarország
A6: Bosznia és Hercegovina | B6: 1965 | C6: 3 | D6: 404 | E6: 0.008
A7: Bulgária | B7: 1963 | C7: 3 | D7: 1930 | E7: 0.018
A8: Horvátország | B8: 1949 | C8: 8 | D8: 994 | E8: 0.018
A9: Csehország | B9: 1963 | C9: 4 | D9: 1190 | E9: 0.015
A10: Dánia | B10: 1974 | C10: 3 | D10: 1889 | E10: 0.0438
A11: Észtország | B11: 1971 | C11: 5 | D11: 1927 | E11: 0.043
A12: Finnország | B12: 1956 | C12: 39 | D12: 9892 | E12: 0.029
A13: Franciaország | B13: 1963 | C13: 10 | D13: 60728 | E13: 0.095
A14: Grúzia | B14: 1946 | C14: 9 | D14: 5111 | E14: 0.07
A15: Németország | B15: 1970 | C15: 15 | D15: 10395 | E15: 0.027
A16: Görögország | B16: 1938 | C16: 10 | D16: 6960 | E16: 0.036
A17: Magyarország | B17: 1973 | C17: 10 | D17: 4807 | E17: 0.052
... A41: Egyesült Királyság | B41: 1951 | C41: 15 | D41: 19989 | E41: 0.082

Sheet ZöldOrszágok
A1: =Európa!A1 -> Ország | B1: =Európa!B1 -> Legrégebbi nemzeti park | C1: =Európa!C1 -> Nemzeti parkok száma | D1: =Európa!D1 -> Teljes terület | E1: =Európa!E1 -> Arány az ország területéhez képest
A2: =Európa!A2 -> Albánia | B2: =Európa!B2 -> 1966 | C2: =Európa!C2 -> 14 | D2: =Európa!D2 -> 1177 | E2: =Európa!E2 -> 0.041 | H2: Arány az ország területéhez képest
A3: =Európa!A3 -> Ausztria | B3: =Európa!B3 -> 1981 | C3: =Európa!C3 -> 7 | D3: =Európa!D3 -> 2521 | E3: =Európa!E3 -> 0.03 | H3: <2,5%
A4: =Európa!A4 -> Belarusszia | B4: =Európa!B4 -> 1939 | C4: =Európa!C4 -> 4 | D4: =Európa!D4 -> 2222 | E4: =Európa!E4 -> 0.01 | H4: >10%
A5: =Európa!A5 -> Belgium | B5: =Európa!B5 -> 2006 | C5: =Európa!C5 -> 1 | D5: =Európa!D5 -> 57 | E5: =Európa!E5 -> 0.002
A6: =Európa!A6 -> Bosznia és Hercegovina | B6: =Európa!B6 -> 1965 | C6: =Európa!C6 -> 3 | D6: =Európa!D6 -> 404 | E6: =Európa!E6 -> 0.008
A7: =Európa!A7 -> Bulgária | B7: =Európa!B7 -> 1963 | C7: =Európa!C7 -> 3 | D7: =Európa!D7 -> 1930 | E7: =Európa!E7 -> 0.018
A8: =Európa!A8 -> Horvátország | B8: =Európa!B8 -> 1949 | C8: =Európa!C8 -> 8 | D8: =Európa!D8 -> 994 | E8: =Európa!E8 -> 0.018
A9: =Európa!A9 -> Csehország | B9: =Európa!B9 -> 1963 | C9: =Európa!C9 -> 4 | D9: =Európa!D9 -> 1190 | E9: =Európa!E9 -> 0.015
A10: =Európa!A10 -> Dánia | B10: =Európa!B10 -> 1974 | C10: =Európa!C10 -> 3 | D10: =Európa!D10 -> 1889 | E10: =Európa!E10 -> 0.0438
A11: =Európa!A11 -> Észtország | B11: =Európa!B11 -> 1971 | C11: =Európa!C11 -> 5 | D11: =Európa!D11 -> 1927 | E11: =Európa!E11 -> 0.043
A12: =Európa!A12 -> Finnország | B12: =Európa!B12 -> 1956 | C12: =Európa!C12 -> 39 | D12: =Európa!D12 -> 9892 | E12: =Európa!E12 -> 0.029
A13: =Európa!A13 -> Franciaország | B13: =Európa!B13 -> 1963 | C13: =Európa!C13 -> 10 | D13: =Európa!D13 -> 60728 | E13: =Európa!E13 -> 0.095
A14: =Európa!A14 -> Grúzia | B14: =Európa!B14 -> 1946 | C14: =Európa!C14 -> 9 | D14: =Európa!D14 -> 5111 | E14: =Európa!E14 -> 0.07
A15: =Európa!A15 -> Németország | B15: =Európa!B15 -> 1970 | C15: =Európa!C15 -> 15 | D15: =Európa!D15 -> 10395 | E15: =Európa!E15 -> 0.027
A16: =Európa!A16 -> Görögország | B16: =Európa!B16 -> 1938 | C16: =Európa!C16 -> 10 | D16: =Európa!D16 -> 6960 | E16: =Európa!E16 -> 0.036
... A41: =Európa!A41 -> Egyesült Királyság | B41: =Európa!B41 -> 1951 | C41: =Európa!C41 -> 15 | D41: =Európa!D41 -> 19989 | E41: =Európa!E41 -> 0.082

Sheet Magyarország
A1: Nemzeti parkok (NP)
A2: Sorszám | B2: Törzskönyvi szám | C2: NP neve | D2: Székhely | E2: Alapítás éve | F2: Terület | G2: Terület aránya
A3: 5 | B3: 283/NP/97 | C3: Duna–Ipoly NP | D3: Budapest | E3: 1997 | F3: 60676 | G3: =F3/(93030*100) -> 0.0065221971
A4: 2 | B4: 282/NP/97 | C4: Balaton-felvidéki NP | D4: Csopak | E4: 1997 | F4: 57019 | G4: =F4/(93030*100) -> 0.0061290981
A5: 7 | B5: 97/NP/73 | C5: Hortobágyi NP | D5: Debrecen | E5: 1973 | F5: 80957.2 | G5: =F5/(93030*100) -> 0.0087022681
A6: 3 | B6: 138/NP/76 | C6: Bükki NP | D6: Eger | E6: 1977 | F6: 42283.4 | G6: =F6/(93030*100) -> 0.004545136
A7: 1 | B7: 177/NP/85 | C7: Aggteleki NP | D7: Jósvafő | E7: 1985 | F7: 20183.7 | G7: =F7/(93030*100) -> 0.0021695905
A8: 8 | B8: 109/NP/74 | C8: Kiskunsági NP | D8: Kecskemét | E8: 1975 | F8: 50641 | G8: =F8/(93030*100) -> 0.0054435128
A9: 10 | B9: 296/NP/02 | C9: Őrségi NP | D9: Őriszentpéter | E9: 2002 | F9: 44048.3 | G9: =F9/(93030*100) -> 0.004734849
A10: 4 | B10: 271/NP/96 | C10: Duna–Dráva NP | D10: Pécs | E10: 1996 | F10: 49751.6 | G10: =F10/(93030*100) -> 0.0053479093
A11: 6 | B11: 238/NP/91 | C11: Fertő–Hanság NP | D11: Sarród | E11: 1991 | F11: 23891.3 | G11: =F11/(93030*100) -> 0.0025681286
A12: 9 | B12: 276/NP/97 | C12: Körös–Maros NP | D12: Szarvas | E12: 1997 | F12: 51246.5 | G12: =F12/(93030*100) -> 0.0055085994
F13: =SUM(F3:F12) -> 480698 | G13: =SUM(G3:G12) -> 0.051671289

Sheet MagyarországDiagram
