Workbook

Sheet Elemek
A1: Elem | B1: Vegyjel | C1: Rendszám | D1: Atomtömeg | E1: Sűrűség | F1: Olvadáspont | G1: Forráspont | H1: Izotópok száma | I1: Felfedezés éve | J1: Felfedező
A2: Aktínium | B2: Ac | C2: 89 | D2: 227 | E2: 10 | F2: 1050 | G2: 3198 | H2: 11 | I2: 1899 | J2: Debierne
A3: Alumínium | B3: Al | C3: 13 | D3: 26.982 | E3: 2.7 | F3: 660.47 | G3: 2519 | H3: 8 | I3: 1827 | J3: Wöhler
A4: Amerícium | B4: Am | C4: 95 | D4: 243 | E4: 12 | F4: 1176 | G4: 2607 | H4: 133 | I4: 1944 | J4: Seaborg et al.
A5: Antimon | B5: Sb | C5: 51 | D5: 121.76 | E5: 6.697 | F5: 630.78 | G5: 1587 | H5: 29 | I5: - | J5: Early historic times
A6: Arany | B6: Au | C6: 79 | D6: 196.97 | E6: 19.3 | F6: 1064.33 | G6: 2856 | H6: 21 | I6: - | J6: -
A7: Argon | B7: Ar | C7: 18 | D7: 39.95 | E7: 0.001784 | F7: -189.2 | G7: -185.7 | H7: 8 | I7: 1894 | J7: Rayleigh and Ramsay
A8: Arzén | B8: As | C8: 33 | D8: 74.922 | E8: 5.727 | F8: 817 | G8: 614 | H8: 14 | I8: 1250? | J8: Albertus Magnus
A9: Asztácium | B9: At | C9: 85 | D9: 210 | E9: 8.93 | F9: 302 | G9: 337 | H9: 21 | I9: 1940 | J9: Corson et al.
A10: Bárium | B10: Ba | C10: 56 | D10: 137.33 | E10: 3.51 | F10: 727 | G10: 1897 | H10: 25 | I10: 1808 | J10: Davy
A11: Berillium | B11: Be | C11: 4 | D11: 9.0122 | E11: 1.85 | F11: 1287 | G11: 2469 | H11: 6 | I11: 1798 | J11: Vauquelin
A12: Berkélium | B12: Bk | C12: 97 | D12: 247 | E12: 14.78 | F12: 986 | G12: 2627 | H12: 83 | I12: 1949 | J12: Seaborg et al.
A13: Bizmut | B13: Bi | C13: 83 | D13: 208.98 | E13: 9.78 | F13: 271.7 | G13: 1564 | H13: 19 | I13: 1753 | J13: Geoffroy
A14: Bór | B14: B | C14: 5 | D14: 10.81 | E14: 2.34 | F14: 2076 | G14: 3927 | H14: 6 | I14: 1808 | J14: Gay-Lussac and
I15: Thénard; Davy
A16: Bórium | B16: Bh | C16: 107 | D16: 270 | E16: 26.5 | F16: - | G16: - | H16: - | I16: 1981 | J16: Armbruster and Münzenberg
A17: Bróm | B17: Br | C17: 35 | D17: 79.904 | E17: 3.1028 | F17: -7.2 | G17: 59 | H17: 19 | I17: 1826 | J17: Balard
A18: Cérium | B18: Ce | C18: 58 | D18: 140.12 | E18: 6.77 | F18: 795 | G18: 3443 | H18: 19 | I18: 1803 | J18: Berzelius and
I19: Hisinger; Klaproth
A20: Cézium | B20: Cs | C20: 55 | D20: 132.91 | E20: 1.93 | F20: 28.59 | G20: 671 | H20: 22 | I20: 1860 | J20: Bunsen and Kirchoff
A21: Cink | B21: Zn | C21: 30 | D21: 65.38 | E21: 7.14 | F21: 419.88 | G21: 907 | H21: 15 | I21: - | J21: -
A22: Cirkónium | B22: Zr | C22: 40 | D22: 91.224 | E22: 6.52 | F22: 1855 | G22: 4409 | H22: 20 | I22: 1789 | J22: Klaproth
A23: Diszprózium | B23: Dy | C23: 66 | D23: 162.5 | E23: 8.54 | F23: 1407 | G23: 2567 | H23: 21 | I23: 1886 | J23: Boisbaudran
A24: Dubnium | B24: Db | C24: 105 | D24: 268 | E24: -21.6 | F24: - | G24: - | H24: - | I24: 1970 | J24: Ghiorso et al,
A25: Einsteinium | B25: Es | C25: 99 | D25: 252 | E25: 8.84 | F25: 860 | G25: -1542 | H25: 123 | I25: 1952 | J25: Ghiorso et al,
A26: Erbium | B26: Er | C26: 68 | D26: 167.26 | E26: 9.066 | F26: 1529 | G26: 2868 | H26: 16 | I26: 1843 | J26: Mosander
A27: Európium | B27: Eu | C27: 63 | D27: 151.96 | E27: 5.244 | F27: 826 | G27: 1529 | H27: 21 | I27: 1896 | J27: Demarcay
A28: Ezüst | B28: Ag | C28: 47 | D28: 107.87 | E28: 10.49 | F28: 961.93 | G28: 2162 | H28: 27 | I28: - | J28: -
A29: Fermium | B29: Fm | C29: 100 | D29: 257 | E29: 9.7 | F29: 852 | G29: - | H29: 103 | I29: 1953 | J29: Ghiorso et al,
A30: Fluor | B30: F | C30: 9 | D30: 18.998 | E30: 0.001696 | F30: -219.47 | G30: -187.97 | H30: 6 | I30: 1886 | J30: Moissan
A31: Foszfor | B31: P | C31: 15 | D31: 30.974 | E31: 1.823 | F31: 44.3 | G31: 277 | H31: 7 | I31: 1669 | J31: Brand
A32: Francium | B32: Fr | C32: 87 | D32: 223 | E32: -2.48 | F32: 8 | G32: 617 | H32: 21 | I32: 1938 | J32: Perey
A33: Gadolínium | B33: Gd | C33: 64 | D33: 157.25 | E33: 7.9 | F33: 1312 | G33: 3273 | H33: 17 | I33: 1880 | J33: Marignac
A34: Gallium | B34: Ga | C34: 31 | D34: 69.723 | E34: 5.91 | F34: 29.9146 | G34: 2400 | H34: 14 | I34: 1875 | J34: Boisbaudran
A35: Germánium | B35: Ge | C35: 32 | D35: 72.63 | E35: 5.323 | F35: 938.4 | G35: 2833 | H35: 17 | I35: 1886 | J35: Winkler
A36: Hafnium | B36: Hf | C36: 72 | D36: 178.49 | E36: 13.31 | F36: 2233 | G36: 4603 | H36: 17 | I36: 1923 | J36: Coster and von Hevesy
A37: Hassium | B37: Hs | C37: 108 | D37: 269 | E37: 28 | F37: - | G37: - | H37: - | I37: 1983 | J37: Armbruster and Münzenberg
A38: Hélium | B38: He | C38: 2 | D38: 4.0026 | E38: 0.0001785 | F38: -272.2 | G38: -268.78 | H38: 5 | I38: 1868 | J38: Janssen
A39: Hidrogén | B39: H | C39: 1 | D39: 1.008 | E39: 8.988e-05 | F39: -258.99 | G39: -252.72 | H39: 3 | I39: 1766 | J39: Cavendish
A40: Higany | B40: Hg | C40: 80 | D40: 200.59 | E40: 13.534 | F40: -38.57 | G40: 356.88 | H40: 26 | I40: - | J40: -
A41: Holmium | B41: Ho | C41: 67 | D41: 164.93 | E41: 8.79 | F41: 1461 | G41: 2720 | H41: 29 | I41: 1878 | J41: Delafontaine and Soret
A42: Indium | B42: In | C42: 49 | D42: 114.82 | E42: 7.31 | F42: 156.75 | G42: 2072 | H42: 34 | I42: 1863 | J42: Reich and Richter
A43: Irídium | B43: Ir | C43: 77 | D43: 192.22 | E43: 22.56 | F43: 2446 | G43: 4428 | H43: 25 | I43: 1803 | J43: Tennant
A44: Itterbium | B44: Yb | C44: 70 | D44: 173.05 | E44: 6.9 | F44: 824 | G44: 1196 | H44: 16 | I44: 1878 | J44: Marignac
A45: Ittrium | B45: Y | C45: 39 | D45: 88.906 | E45: 4.472 | F45: 1526 | G45: 3336 | H45: 21 | I45: 1794 | J45: Gadolin
A46: Jód | B46: I | C46: 53 | D46: 126.9 | E46: 4.933 | F46: 113.85 | G46: 184.4 | H46: 24 | I46: 1811 | J46: Cortois
A47: Kadmium | B47: Cd | C47: 48 | D47: 112.41 | E47: 8.65 | F47: 321.22 | G47: 767 | H47: 22 | I47: 1817 | J47: Stromeyer
A48: Kalcium | B48: Ca | C48: 20 | D48: 40.078 | E48: 1.55 | F48: 842 | G48: 1484 | H48: 14 | I48: 1808 | J48: Davy
A49: Kalifornium | B49: Cf | C49: 98 | D49: 251 | E49: 15.1 | F49: 900 | G49: 1470 | H49: 123 | I49: 1950 | J49: Seaborg et al.
A50: Kálium | B50: K | C50: 19 | D50: 39.098 | E50: 0.89 | F50: 63.53 | G50: 759 | H50: 10 | I50: 1807 | J50: Davy
A51: Kén | B51: S | C51: 16 | D51: 32.06 | E51: 2.07 | F51: 115.36 | G51: 444.87 | H51: 10 | I51: - | J51: -
A52: Klór | B52: Cl | C52: 17 | D52: 35.45 | E52: 0.0032 | F52: -101.4 | G52: -33.89 | H52: 11 | I52: 1774 | J52: Scheele
A53: Kobalt | B53: Co | C53: 27 | D53: 58.933 | E53: 8.9 | F53: 1495 | G53: 2927 | H53: 14 | I53: c,1735 | J53: Brandt
A54: Kripton | B54: Kr | C54: 36 | D54: 83.798 | E54: 0.003749 | F54: -157.21 | G54: -153.07 | H54: 23 | I54: 1898 | J54: Ramsay and Travers
A55: Króm | B55: Cr | C55: 24 | D55: 51.996 | E55: 7.15 | F55: 1907 | G55: 2671 | H55: 9 | I55: 1797 | J55: Vauquelin
A56: Kűrium | B56: Cm | C56: 96 | D56: 247 | E56: 13.51 | F56: 1340 | G56: 3110 | H56: 133 | I56: 1944 | J56: Seaborg et al,
A57: Lantán | B57: La | C57: 57 | D57: 138.91 | E57: 6.162 | F57: 920 | G57: 3464 | H57: 19 | I57: 1839 | J57: Mosander
A58: Laurencium | B58: Lr | C58: 103 | D58: 266 | E58: -14.4 | F58: -2173 | G58: - | H58: 203 | I58: 1961 | J58: Ghiorso et al,
A59: Lítium | B59: Li | C59: 3 | D59: 6.94 | E59: 0.534 | F59: 180.69 | G59: 1287 | H59: 5 | I59: 1817 | J59: Arfvedson
A60: Lutécium | B60: Lu | C60: 71 | D60: 174.97 | E60: 9.841 | F60: 1652 | G60: 3402 | H60: 22 | I60: 1907 | J60: Urbain
A61: Magnézium | B61: Mg | C61: 12 | D61: 24.305 | E61: 1.738 | F61: 650 | G61: 1090 | H61: 8 | I61: 1755 | J61: Black
A62: Mangán | B62: Mn | C62: 25 | D62: 54.938 | E62: 7.21 | F62: 1246 | G62: 2061 | H62: 11 | I62: 1774 | J62: Gahn, Scheele, and
I63: Bergman
A64: Meitnerium | B64: Mt | C64: 109 | D64: 278 | E64: 27.5 | F64: - | G64: - | H64: - | I64: 1982 | J64: GSI, Darmstadt, West Germany
A65: Mendelévium | B65: Md | C65: 101 | D65: 258 | E65: -10.3 | F65: -1373 | G65: - | H65: 33 | I65: 1955 | J65: Ghiorso et al,
A66: Molibdén | B66: Mo | C66: 42 | D66: 95.95 | E66: 10.28 | F66: 2623 | G66: 4639 | H66: 20 | I66: 1778 | J66: Scheele
A67: Nátrium | B67: Na | C67: 11 | D67: 22.99 | E67: 0.968 | F67: 97.87 | G67: 883 | H67: 7 | I67: 1807 | J67: Davy
A68: Neodímium | B68: Nd | C68: 60 | D68: 144.24 | E68: 7.01 | F68: 1024 | G68: 3074 | H68: 16 | I68: 1885 | J68: von Welsbach
A69: Neon | B69: Ne | C69: 10 | D69: 20.18 | E69: 0.0009002 | F69: -248.44 | G69: -245.93 | H69: 8 | I69: 1898 | J69: Ramsay and Travers
A70: Neptúnium | B70: Np | C70: 93 | D70: 237 | E70: 20.45 | F70: 644 | G70: 4000 | H70: 153 | I70: 1940 | J70: McMillan and Abelson
A71: Nikkel | B71: Ni | C71: 28 | D71: 58.693 | E71: 8.908 | F71: 1455 | G71: 2913 | H71: 11 | I71: 1751 | J71: Cronstedt
A72: Nióbium | B72: Nb | C72: 41 | D72: 92.906 | E72: 8.57 | F72: 2477 | G72: 4744 | H72: 24 | I72: 1801 | J72: Hatchett
A73: Nitrogén | B73: N | C73: 7 | D73: 14.007 | E73: 0.0012506 | F73: -209.85 | G73: -195.64 | H73: 8 | I73: 1772 | J73: Rutherford
A74: Nobélium | B74: No | C74: 102 | D74: 259 | E74: -9.9 | F74: -1373 | G74: - | H74: 73 | I74: 1957 | J74: Ghiorso et al,
A75: Ólom | B75: Pb | C75: 82 | D75: 207.2 | E75: 11.34 | F75: 327.61 | G75: 1749 | H75: 29 | I75: - | J75: -
A76: Ón | B76: Sn | C76: 50 | D76: 118.71 | E76: 7.265 | F76: 232.08 | G76: 2602 | H76: 28 | I76: - | J76: -
A77: Oxigén | B77: O | C77: 8 | D77: 15.999 | E77: 0.001429 | F77: -218.64 | G77: -182.8 | H77: 8 | I77: 1774 | J77: Priestley
A78: Ozmium | B78: Os | C78: 76 | D78: 190.23 | E78: 22.59 | F78: 3033 | G78: 5012 | H78: 19 | I78: 1803 | J78: Tennant
A79: Palládium | B79: Pd | C79: 46 | D79: 106.42 | E79: 12.023 | F79: 1555.05 | G79: 2963 | H79: 21 | I79: 1803 | J79: Wollaston
A80: Platina | B80: Pt | C80: 78 | D80: 195.08 | E80: 21.45 | F80: 1768.4 | G80: 3825 | H80: 32 | I80: 1735 | J80: Ulloa
A81: Plutónium | B81: Pu | C81: 94 | D81: 244 | E81: 19.85 | F81: 639.5 | G81: 3228 | H81: 163 | I81: 1940 | J81: Seaborg et al,
A82: Polónium | B82: Po | C82: 84 | D82: 209 | E82: 9.196 | F82: 254 | G82: 962 | H82: 34 | I82: 1898 | J82: Curie
A83: Prazeodímium | B83: Pr | C83: 59 | D83: 140.91 | E83: 6.77 | F83: 935 | G83: 3520 | H83: 15 | I83: 1885 | J83: von Weisbach
A84: Prométium | B84: Pm | C84: 61 | D84: 145 | E84: 7.26 | F84: 1042 | G84: 3000 | H84: 14 | I84: 1945 | J84: Marinsky et al,
A85: Protaktínium | B85: Pa | C85: 91 | D85: 231.04 | E85: 15.37 | F85: 1568 | G85: 4027 | H85: 14 | I85: 1917 | J85: Hahn and Meitner
A86: Rádium | B86: Ra | C86: 88 | D86: 226 | E86: 5.5 | F86: 700 | G86: 1737 | H86: 15 | I86: 1898 | J86: Marie and Pierre Curie
A87: Radon | B87: Rn | C87: 86 | D87: 222 | E87: 0.00973 | F87: -71 | G87: -61.7 | H87: 20 | I87: 1900 | J87: Dorn
A88: Rénium | B88: Re | C88: 75 | D88: 186.21 | E88: 21.02 | F88: 3186 | G88: 5596 | H88: 21 | I88: 1925 | J88: Noddack, Berg, and Tacke
A89: Réz | B89: Cu | C89: 29 | D89: 63.546 | E89: 8.96 | F89: 1084.77 | G89: 2562 | H89: 11 | I89: - | J89: -
A90: Ródium | B90: Rh | C90: 45 | D90: 102.91 | E90: 12.41 | F90: 1964 | G90: 3695 | H90: 20 | I90: 1803 | J90: Wollaston
A91: Rubídium | B91: Rb | C91: 37 | D91: 85.468 | E91: 1.532 | F91: 39.46 | G91: 688 | H91: 20 | I91: 1861 | J91: Bunsen and Kirchoff
A92: Ruténium | B92: Ru | C92: 44 | D92: 101.07 | E92: 12.45 | F92: 2334 | G92: 4150 | H92: 16 | I92: 1844 | J92: Klaus
A93: Rutherfordium | B93: Rf | C93: 104 | D93: 267 | E93: -17 | F93: -2673 | G93: -6073 | H93: - | I93: 1969 | J93: Ghiorso et al,
A94: Seaborgium | B94: Sg | C94: 106 | D94: 269 | E94: 23.5 | F94: - | G94: - | H94: - | I94: 1974 | J94: Ghiorso et al,
A95: Stroncium | B95: Sr | C95: 38 | D95: 87.62 | E95: 2.64 | F95: 777 | G95: 1382 | H95: 18 | I95: 1808 | J95: Davy
A96: Szamárium | B96: Sm | C96: 62 | D96: 150.36 | E96: 7.52 | F96: 1072 | G96: 1794 | H96: 17 | I96: 1879 | J96: Boisbaudran
A97: Szelén | B97: Se | C97: 34 | D97: 78.971 | E97: 4.81 | F97: 180 | G97: 685 | H97: 20 | I97: 1817 | J97: Berzelius
A98: Szén | B98: C | C98: 6 | D98: 12.011 | E98: 2.267 | F98: 3550 | G98: 4827 | H98: 7 | I98: - | J98: -
A99: Szilícium | B99: Si | C99: 14 | D99: 28.085 | E99: 2.329 | F99: 1414 | G99: 3265 | H99: 8 | I99: 1824 | J99: Berzelius
A100: Szkandium | B100: Sc | C100: 21 | D100: 44.956 | E100: 2.985 | F100: 1541 | G100: 2836 | H100: 15 | I100: 1879 | J100: Nilson
...

Sheet Vas
A1: Elem
A2: Vas
A4: =Elemek!B$1 -> Vegyjel | B4: =DGET(Elemek!$A$1:$K$113,Vas!A4,Vas!$A$1:$A$2) -> Fe
A5: =Elemek!C$1 -> Rendszám | B5: =DGET(Elemek!$A$1:$K$113,Vas!A5,Vas!$A$1:$A$2) -> 26
A6: =Elemek!D$1 -> Atomtömeg | B6: =DGET(Elemek!$A$1:$K$113,Vas!A6,Vas!$A$1:$A$2) -> 55.845
A7: =Elemek!E$1 -> Sűrűség | B7: =DGET(Elemek!$A$1:$K$113,Vas!A7,Vas!$A$1:$A$2) -> 7.874
A8: =Elemek!F$1 -> Olvadáspont | B8: =DGET(Elemek!$A$1:$K$113,Vas!A8,Vas!$A$1:$A$2) -> 1538
A9: =Elemek!G$1 -> Forráspont | B9: =DGET(Elemek!$A$1:$K$113,Vas!A9,Vas!$A$1:$A$2) -> 2861
A10: Halmazállapot | B10: =IF(B8>35,"szilárd",IF(B9<15,"légnemű",IF(AND(B8<15,B9>35),"folyékon","hőmérsékletfüggő"))) -> szilárd

Sheet Izotópok
A1: ssz | B1: Elem | C1: A | D1: Z | E1: N | F1: E | H1: Fe | L1: ssz | M1: Z | N1: N | O1: E | P1: A | Q1: Elem | R1: E1 | S1: E2 | T1: E3
A2: 1 | B2: Fe | C2: 56 | D2: 26 | E2: 30 | F2: 9.153567 | H2: =IF(B2=$H$1,COUNT($H$2:H3)+1," ") -> 0 | L2: 1 | M2: 26 | N2: 30 | O2: 9.153567 | P2: =N2+M2 -> 56 | Q2: =INDEX(Elemek!$B$2:$B$113,MATCH(M2,Elemek!$C$2:$C$113,0)) -> Fe | R2: =IF(NOT(ISBLANK(O2)),O2,ROUNDDOWN(AVERAGE($O$2:$O$990),2)) -> 9.153567 | S2: =IF(ISBLANK(O2),ROUNDDOWN(AVERAGEIF($M$2:$M$990,M2,$O$2:$O$990),2),O2) -> 9.153567
A3: 2 | B3: Ni | C3: 62 | D3: 28 | E3: 34 | F3: 9.147877 | H3: =IF(B3=$H$1,COUNT($H$2:H4)+1," ") | L3: 2 | M3: 28 | N3: 34 | O3: 9.147877 | P3: =N3+M3 -> 62 | Q3: =INDEX(Elemek!$B$2:$B$113,MATCH(M3,Elemek!$C$2:$C$113,0)) -> Ni | R3: =IF(NOT(ISBLANK(O3)),O3,ROUNDDOWN(AVERAGE($O$2:$O$990),2)) -> 9.147877 | S3: =IF(ISBLANK(O3),ROUNDDOWN(AVERAGEIF($M$2:$M$990,M3,$O$2:$O$990),2),O3) -> 9.147877
A4: 3 | B4: Ni | C4: 60 | D4: 28 | E4: 32 | F4: 9.145862 | H4: =IF(B4=$H$1,COUNT($H$2:H5)+1," ") | L4: 3 | M4: 28 | N4: 32 | O4: 9.145862 | P4: =N4+M4 -> 60 | Q4: =INDEX(Elemek!$B$2:$B$113,MATCH(M4,Elemek!$C$2:$C$113,0)) -> Ni | R4: =IF(NOT(ISBLANK(O4)),O4,ROUNDDOWN(AVERAGE($O$2:$O$990),2)) -> 9.145862 | S4: =IF(ISBLANK(O4),ROUNDDOWN(AVERAGEIF($M$2:$M$990,M4,$O$2:$O$990),2),O4) -> 9.145862
A5: 4 | B5: Fe | C5: 58 | D5: 26 | E5: 32 | F5: 9.142938 | H5: =IF(B5=$H$1,COUNT($H$2:H6)+1," ") -> 0 | L5: 4 | M5: 26 | N5: 32 | O5: 9.142938 | P5: =N5+M5 -> 58 | Q5: =INDEX(Elemek!$B$2:$B$113,MATCH(M5,Elemek!$C$2:$C$113,0)) -> Fe | R5: =IF(NOT(ISBLANK(O5)),O5,ROUNDDOWN(AVERAGE($O$2:$O$990),2)) -> 9.142938 | S5: =IF(ISBLANK(O5),ROUNDDOWN(AVERAGEIF($M$2:$M$990,M5,$O$2:$O$990),2),O5) -> 9.142938
A6: 5 | B6: Cr | C6: 52 | D6: 24 | E6: 28 | F6: 9.137037 | H6: =IF(B6=$H$1,COUNT($H$2:H7)+1," ") | L6: 5 | M6: 24 | N6: 28 | O6: 9.137037 | P6: =N6+M6 -> 52 | Q6: =INDEX(Elemek!$B$2:$B$113,MATCH(M6,Elemek!$C$2:$C$113,0)) -> Cr | R6: =IF(NOT(ISBLANK(O6)),O6,ROUNDDOWN(AVERAGE($O$2:$O$990),2)) -> 9.137037 | S6: =IF(ISBLANK(O6),ROUNDDOWN(AVERAGEIF($M$2:$M$990,M6,$O$2:$O$990),2),O6) -> 9.137037
A7: 6 | B7: Fe | C7: 57 | D7: 26 | E7: 31 | F7: 9.127119 | H7: =IF(B7=$H$1,COUNT($H$2:H8)+1," ") -> 0 | L7: 6 | M7: 26 | N7: 31 | O7: 9.127119 | P7: =N7+M7 -> 57 | Q7: =INDEX(Elemek!$B$2:$B$113,MATCH(M7,Elemek!$C$2:$C$113,0)) -> Fe | R7: =IF(NOT(ISBLANK(O7)),O7,ROUNDDOWN(AVERAGE($O$2:$O$990),2)) -> 9.127119 | S7: =IF(ISBLANK(O7),ROUNDDOWN(AVERAGEIF($M$2:$M$990,M7,$O$2:$O$990),2),O7) -> 9.127119
A8: 7 | B8: Co | C8: 59 | D8: 27 | E8: 32 | F8: 9.126046 | H8: =IF(B8=$H$1,COUNT($H$2:H9)+1," ") | L8: 7 | M8: 27 | N8: 32 | O8: 9.126046 | P8: =N8+M8 -> 59 | Q8: =INDEX(Elemek!$B$2:$B$113,MATCH(M8,Elemek!$C$2:$C$113,0)) -> Co | R8: =IF(NOT(ISBLANK(O8)),O8,ROUNDDOWN(AVERAGE($O$2:$O$990),2)) -> 9.126046 | S8: =IF(ISBLANK(O8),ROUNDDOWN(AVERAGEIF($M$2:$M$990,M8,$O$2:$O$990),2),O8) -> 9.126046
A9: 8 | B9: Cr | C9: 54 | D9: 24 | E9: 30 | F9: 9.125633 | H9: =IF(B9=$H$1,COUNT($H$2:H10)+1," ") | L9: 8 | M9: 24 | N9: 30 | O9: 9.125633 | P9: =N9+M9 -> 54 | Q9: =INDEX(Elemek!$B$2:$B$113,MATCH(M9,Elemek!$C$2:$C$113,0)) -> Cr | R9: =IF(NOT(ISBLANK(O9)),O9,ROUNDDOWN(AVERAGE($O$2:$O$990),2)) -> 9.125633 | S9: =IF(ISBLANK(O9),ROUNDDOWN(AVERAGEIF($M$2:$M$990,M9,$O$2:$O$990),2),O9) -> 9.125633
A10: 9 | B10: Ni | C10: 61 | D10: 28 | E10: 33 | F10: 9.124129 | H10: =IF(B10=$H$1,COUNT($H$2:H11)+1," ") | L10: 9 | M10: 28 | N10: 33 | O10: 9.124129 | P10: =N10+M10 -> 61 | Q10: =INDEX(Elemek!$B$2:$B$113,MATCH(M10,Elemek!$C$2:$C$113,0)) -> Ni | R10: =IF(NOT(ISBLANK(O10)),O10,ROUNDDOWN(AVERAGE($O$2:$O$990),2)) -> 9.124129 | S10: =IF(ISBLANK(O10),ROUNDDOWN(AVERAGEIF($M$2:$M$990,M10,$O$2:$O$990),2),O10) -> 9.124129
A11: 10 | B11: Mn | C11: 55 | D11: 25 | E11: 30 | F11: 9.120611 | H11: =IF(B11=$H$1,COUNT($H$2:H12)+1," ") | L11: 10 | M11: 25 | N11: 30 | O11: 9.120611 | P11: =N11+M11 -> 55 | Q11: =INDEX(Elemek!$B$2:$B$113,MATCH(M11,Elemek!$C$2:$C$113,0)) -> Mn | R11: =IF(NOT(ISBLANK(O11)),O11,ROUNDDOWN(AVERAGE($O$2:$O$990),2)) -> 9.120611 | S11: =IF(ISBLANK(O11),ROUNDDOWN(AVERAGEIF($M$2:$M$990,M11,$O$2:$O$990),2),O11) -> 9.120611
A12: 11 | B12: Ni | C12: 64 | D12: 28 | E12: 36 | F12: 9.119754 | H12: =IF(B12=$H$1,COUNT($H$2:H13)+1," ") | L12: 11 | M12: 28 | N12: 36 | O12: 9.119754 | P12: =N12+M12 -> 64 | Q12: =INDEX(Elemek!$B$2:$B$113,MATCH(M12,Elemek!$C$2:$C$113,0)) -> Ni | R12: =IF(NOT(ISBLANK(O12)),O12,ROUNDDOWN(AVERAGE($O$2:$O$990),2)) -> 9.119754 | S12: =IF(ISBLANK(O12),ROUNDDOWN(AVERAGEIF($M$2:$M$990,M12,$O$2:$O$990),2),O12) -> 9.119754
A13: 394 | B13: Fe | C13: 55 | D13: 26 | E13: 29 | F13: 9.116407 | H13: =IF(B13=$H$1,COUNT($H$2:H14)+1," ") -> 0 | L13: 12 | M13: 30 | N13: 36 | O13: 9.115258 | P13: =N13+M13 -> 66 | Q13: =INDEX(Elemek!$B$2:$B$113,MATCH(M13,Elemek!$C$2:$C$113,0)) -> Zn | R13: =IF(NOT(ISBLANK(O13)),O13,ROUNDDOWN(AVERAGE($O$2:$O$990),2)) -> 9.115258 | S13: =IF(ISBLANK(O13),ROUNDDOWN(AVERAGEIF($M$2:$M$990,M13,$O$2:$O$990),2),O13) -> 9.115258
... A365: 106 | B365: Ba | C365: 134 | D365: 56 | E365: 78 | F365: 8.735133 | H365: =IF(B365=$H$1,COUNT($H$2:H366)+1," ") | L365: 364 | M365: 83 | N365: 124 | O365: 8.168209 | P365: =N365+M365 -> 207 | Q365: =INDEX(Elemek!$B$2:$B$113,MATCH(M365,Elemek!$C$2:$C$113,0)) -> Bi | R365: =IF(NOT(ISBLANK(O365)),O365,ROUNDDOWN(AVERAGE($O$2:$O$990),2)) -> 8.168209 | S365: =IF(ISBLANK(O365),ROUNDDOWN(AVERAGEIF($M$2:$M$990,M365,$O$2:$O$990),2),O365) -> 8.168209
A366: 107 | B366: Cs | C366: 133 | D366: 55 | E366: 78 | F366: 8.733515 | H366: =IF(B366=$H$1,COUNT($H$2:H367)+1," ") | L366: 365 | M366: 72 | N366: 106 | P366: =N366+M366 -> 178 | Q366: =INDEX(Elemek!$B$2:$B$113,MATCH(M366,Elemek!$C$2:$C$113,0)) -> Hf | R366: =IF(NOT(ISBLANK(O366)),O366,ROUNDDOWN(AVERAGE($O$2:$O$990),2)) -> #DIV/0! | S366: =IF(ISBLANK(O366),ROUNDDOWN(AVERAGEIF($M$2:$M$990,M366,$O$2:$O$990),2),O366) -> #DIV/0!
A367: 532 | B367: Ba | C367: 131 | D367: 56 | E367: 75 | F367: 8.733037 | H367: =IF(B367=$H$1,COUNT($H$2:H368)+1," ") | L367: 366 | M367: 55 | N367: 82 | O367: 8.703047 | P367: =N367+M367 -> 137 | Q367: =INDEX(Elemek!$B$2:$B$113,MATCH(M367,Elemek!$C$2:$C$113,0)) -> Cs | R367: =IF(NOT(ISBLANK(O367)),O367,ROUNDDOWN(AVERAGE($O$2:$O$990),2)) -> 8.703047 | S367: =IF(ISBLANK(O367),ROUNDDOWN(AVERAGEIF($M$2:$M$990,M367,$O$2:$O$990),2),O367) -> 8.703047
A368: 767 | B368: Sb | C368: 128 | D368: 51 | E368: 77 | F368: 8.732343 | H368: =IF(B368=$H$1,COUNT($H$2:H369)+1," ") | L368: 367 | M368: 96 | N368: 147 | O368: 7.836004 | P368: =N368+M368 -> 243 | Q368: =INDEX(Elemek!$B$2:$B$113,MATCH(M368,Elemek!$C$2:$C$113,0)) -> Cm | R368: =IF(NOT(ISBLANK(O368)),O368,ROUNDDOWN(AVERAGE($O$2:$O$990),2)) -> 7.836004 | S368: =IF(ISBLANK(O368),ROUNDDOWN(AVERAGEIF($M$2:$M$990,M368,$O$2:$O$990),2),O368) -> 7.836004
A369: 558 | B369: Cs | C369: 132 | D369: 55 | E369: 77 | F369: 8.731599 | H369: =IF(B369=$H$1,COUNT($H$2:H370)+1," ") | L369: 368 | M369: 38 | N369: 52 | O369: 9.026239 | P369: =N369+M369 -> 90 | Q369: =INDEX(Elemek!$B$2:$B$113,MATCH(M369,Elemek!$C$2:$C$113,0)) -> Sr | R369: =IF(NOT(ISBLANK(O369)),O369,ROUNDDOWN(AVERAGE($O$2:$O$990),2)) -> 9.026239 | S369: =IF(ISBLANK(O369),ROUNDDOWN(AVERAGEIF($M$2:$M$990,M369,$O$2:$O$990),2),O369) -> 9.026239
A370: 899 | B370: Ba | C370: 129 | D370: 56 | E370: 73 | F370: 8.730746 | H370: =IF(B370=$H$1,COUNT($H$2:H371)+1," ") | L370: 369 | M370: 82 | N370: 128 | O370: 8.141462 | P370: =N370+M370 -> 210 | Q370: =INDEX(Elemek!$B$2:$B$113,MATCH(M370,Elemek!$C$2:$C$113,0)) -> Pb | R370: =IF(NOT(ISBLANK(O370)),O370,ROUNDDOWN(AVERAGE($O$2:$O$990),2)) -> 8.141462 | S370: =IF(ISBLANK(O370),ROUNDDOWN(AVERAGEIF($M$2:$M$990,M370,$O$2:$O$990),2),O370) -> 8.141462
A371: 569 | B371: Xe | C371: 133 | D371: 54 | E371: 79 | F371: 8.730302 | H371: =IF(B371=$H$1,COUNT($H$2:H372)+1," ") | L371: 370 | M371: 89 | N371: 138 | O371: 7.957447 | P371: =N371+M371 -> 227 | Q371: =INDEX(Elemek!$B$2:$B$113,MATCH(M371,Elemek!$C$2:$C$113,0)) -> Ac | R371: =IF(NOT(ISBLANK(O371)),O371,ROUNDDOWN(AVERAGE($O$2:$O$990),2)) -> 7.957447 | S371: =IF(ISBLANK(O371),ROUNDDOWN(AVERAGEIF($M$2:$M$990,M371,$O$2:$O$990),2),O371) -> 7.957447
A372: 380 | B372: Ba | C372: 133 | D372: 56 | E372: 77 | F372: 8.729624 | H372: =IF(B372=$H$1,COUNT($H$2:H373)+1," ") | L372: 371 | M372: 96 | N372: 148 | O372: 7.831763 | P372: =N372+M372 -> 244 | Q372: =INDEX(Elemek!$B$2:$B$113,MATCH(M372,Elemek!$C$2:$C$113,0)) -> Cm | R372: =IF(NOT(ISBLANK(O372)),O372,ROUNDDOWN(AVERAGE($O$2:$O$990),2)) -> 7.831763 | S372: =IF(ISBLANK(O372),ROUNDDOWN(AVERAGEIF($M$2:$M$990,M372,$O$2:$O$990),2),O372) -> 7.831763
A373: 196 | B373: Xe | C373: 134 | D373: 54 | E373: 80 | F373: 8.728973 | H373: =IF(B373=$H$1,COUNT($H$2:H374)+1," ") | L373: 372 | M373: 61 | N373: 84 | O373: 8.631838 | P373: =N373+M373 -> 145 | Q373: =INDEX(Elemek!$B$2:$B$113,MATCH(M373,Elemek!$C$2:$C$113,0)) -> Pm | R373: =IF(NOT(ISBLANK(O373)),O373,ROUNDDOWN(AVERAGE($O$2:$O$990),2)) -> 8.631838 | S373: =IF(ISBLANK(O373),ROUNDDOWN(AVERAGEIF($M$2:$M$990,M373,$O$2:$O$990),2),O373) -> 8.631838
A374: 906 | B374: Sn | C374: 127 | D374: 50 | E374: 77 | F374: 8.7288 | H374: =IF(B374=$H$1,COUNT($H$2:H375)+1," ") | L374: 373 | M374: 41 | N374: 52 | P374: =N374+M374 -> 93 | Q374: =INDEX(Elemek!$B$2:$B$113,MATCH(M374,Elemek!$C$2:$C$113,0)) -> Nb | R374: =IF(NOT(ISBLANK(O374)),O374,ROUNDDOWN(AVERAGE($O$2:$O$990),2)) -> #DIV/0! | S374: =IF(ISBLANK(O374),ROUNDDOWN(AVERAGEIF($M$2:$M$990,M374,$O$2:$O$990),2),O374) -> #DIV/0!
A375: 933 | B375: Ba | C375: 126 | D375: 56 | E375: 70 | F375: 8.727439 | H375: =IF(B375=$H$1,COUNT($H$2:H376)+1," ") | L375: 374 | M375: 94 | N375: 147 | O375: 7.85159 | P375: =N375+M375 -> 241 | Q375: =INDEX(Elemek!$B$2:$B$113,MATCH(M375,Elemek!$C$2:$C$113,0)) -> Pu | R375: =IF(NOT(ISBLANK(O375)),O375,ROUNDDOWN(AVERAGE($O$2:$O$990),2)) -> 7.85159 | S375: =IF(ISBLANK(O375),ROUNDDOWN(AVERAGEIF($M$2:$M$990,M375,$O$2:$O$990),2),O375) -> 7.85159
A376: 829 | B376: Sb | C376: 129 | D376: 51 | E376: 78 | F376: 8.727358 | H376: =IF(B376=$H$1,COUNT($H$2:H377)+1," ") | L376: 375 | M376: 48 | N376: 65 | P376: =N376+M376 -> 113 | Q376: =INDEX(Elemek!$B$2:$B$113,MATCH(M376,Elemek!$C$2:$C$113,0)) -> Cd | R376: =IF(NOT(ISBLANK(O376)),O376,ROUNDDOWN(AVERAGE($O$2:$O$990),2)) -> #DIV/0! | S376: =IF(ISBLANK(O376),ROUNDDOWN(AVERAGEIF($M$2:$M$990,M376,$O$2:$O$990),2),O376) -> #DIV/0!
A377: 108 | B377: Ba | C377: 136 | D377: 56 | E377: 80 | F377: 8.724908 | H377: =IF(B377=$H$1,COUNT($H$2:H378)+1," ") | L377: 376 | M377: 63 | N377: 89 | O377: 8.550897 | P377: =N377+M377 -> 152 | Q377: =INDEX(Elemek!$B$2:$B$113,MATCH(M377,Elemek!$C$2:$C$113,0)) -> Eu | R377: =IF(NOT(ISBLANK(O377)),O377,ROUNDDOWN(AVERAGE($O$2:$O$990),2)) -> 8.550897 | S377: =IF(ISBLANK(O377),ROUNDDOWN(AVERAGEIF($M$2:$M$990,M377,$O$2:$O$990),2),O377) -> 8.550897
A378: 109 | B378: Ba | C378: 135 | D378: 56 | E378: 79 | F378: 8.722072 | H378: =IF(B378=$H$1,COUNT($H$2:H379)+1," ") | L378: 377 | M378: 98 | N378: 152 | O378: 7.78664 | P378: =N378+M378 -> 250 | Q378: =INDEX(Elemek!$B$2:$B$113,MATCH(M378,Elemek!$C$2:$C$113,0)) -> Cf | R378: =IF(NOT(ISBLANK(O378)),O378,ROUNDDOWN(AVERAGE($O$2:$O$990),2)) -> 7.78664 | S378: =IF(ISBLANK(O378),ROUNDDOWN(AVERAGEIF($M$2:$M$990,M378,$O$2:$O$990),2),O378) -> 7.78664
A379: 896 | B379: I | C379: 132 | D379: 53 | E379: 79 | F379: 8.72057 | H379: =IF(B379=$H$1,COUNT($H$2:H380)+1," ") | L379: 378 | M379: 1 | N379: 2 | O379: 3.087994 | P379: =N379+M379 -> 3 | Q379: =INDEX(Elemek!$B$2:$B$113,MATCH(M379,Elemek!$C$2:$C$113,0)) -> H | R379: =IF(NOT(ISBLANK(O379)),O379,ROUNDDOWN(AVERAGE($O$2:$O$990),2)) -> 3.087994 | S379: =IF(ISBLANK(O379),ROUNDDOWN(AVERAGEIF($M$2:$M$990,M379,$O$2:$O$990),2),O379) -> 3.087994
A380: 662 | B380: Te | C380: 131 | D380: 52 | E380: 79 | F380: 8.720392 | H380: =IF(B380=$H$1,COUNT($H$2:H381)+1," ") | L380: 379 | M380: 36 | N380: 49 | O380: 9.029919 | P380: =N380+M380 -> 85 | Q380: =INDEX(Elemek!$B$2:$B$113,MATCH(M380,Elemek!$C$2:$C$113,0)) -> Kr | R380: =IF(NOT(ISBLANK(O380)),O380,ROUNDDOWN(AVERAGE($O$2:$O$990),2)) -> 9.029919 | S380: =IF(ISBLANK(O380),ROUNDDOWN(AVERAGEIF($M$2:$M$990,M380,$O$2:$O$990),2),O380) -> 9.029919
A381: 306 | B381: Cs | C381: 135 | D381: 55 | E381: 80 | F381: 8.720082 | H381: =IF(B381=$H$1,COUNT($H$2:H382)+1," ") | L381: 380 | M381: 56 | N381: 77 | O381: 8.729624 | P381: =N381+M381 -> 133 | Q381: =INDEX(Elemek!$B$2:$B$113,MATCH(M381,Elemek!$C$2:$C$113,0)) -> Ba | R381: =IF(NOT(ISBLANK(O381)),O381,ROUNDDOWN(AVERAGE($O$2:$O$990),2)) -> 8.729624 | S381: =IF(ISBLANK(O381),ROUNDDOWN(AVERAGEIF($M$2:$M$990,M381,$O$2:$O$990),2),O381) -> 8.729624
A382: 398 | B382: Cs | C382: 134 | D382: 55 | E382: 79 | F382: 8.719768 | H382: =IF(B382=$H$1,COUNT($H$2:H383)+1," ") | L382: 381 | M382: 63 | N382: 91 | O382: 8.5372 | P382: =N382+M382 -> 154 | Q382: =INDEX(Elemek!$B$2:$B$113,MATCH(M382,Elemek!$C$2:$C$113,0)) -> Eu | R382: =IF(NOT(ISBLANK(O382)),O382,ROUNDDOWN(AVERAGE($O$2:$O$990),2)) -> 8.5372 | S382: =IF(ISBLANK(O382),ROUNDDOWN(AVERAGEIF($M$2:$M$990,M382,$O$2:$O$990),2),O382) -> 8.5372
A383: 692 | B383: I | C383: 133 | D383: 53 | E383: 80 | F383: 8.717094 | H383: =IF(B383=$H$1,COUNT($H$2:H384)+1," ") | L383: 382 | M383: 76 | N383: 118 | O383: 8.238508 | P383: =N383+M383 -> 194 | Q383: =INDEX(Elemek!$B$2:$B$113,MATCH(M383,Elemek!$C$2:$C$113,0)) -> Os | R383: =IF(NOT(ISBLANK(O383)),O383,ROUNDDOWN(AVERAGE($O$2:$O$990),2)) -> 8.238508 | S383: =IF(ISBLANK(O383),ROUNDDOWN(AVERAGEIF($M$2:$M$990,M383,$O$2:$O$990),2),O383) -> 8.238508
A384: 596 | B384: Te | C384: 132 | D384: 52 | E384: 80 | F384: 8.716646 | H384: =IF(B384=$H$1,COUNT($H$2:H385)+1," ") | L384: 383 | M384: 88 | N384: 140 | O384: 7.94439 | P384: =N384+M384 -> 228 | Q384: =INDEX(Elemek!$B$2:$B$113,MATCH(M384,Elemek!$C$2:$C$113,0)) -> Ra | R384: =IF(NOT(ISBLANK(O384)),O384,ROUNDDOWN(AVERAGE($O$2:$O$990),2)) -> 7.94439 | S384: =IF(ISBLANK(O384),ROUNDDOWN(AVERAGEIF($M$2:$M$990,M384,$O$2:$O$990),2),O384) -> 7.94439
A385: 838 | B385: La | C385: 133 | D385: 57 | E385: 76 | F385: 8.714109 | H385: =IF(B385=$H$1,COUNT($H$2:H386)+1," ") | L385: 384 | M385: 61 | N385: 85 | O385: 8.615574 | P385: =N385+M385 -> 146 | Q385: =INDEX(Elemek!$B$2:$B$113,MATCH(M385,Elemek!$C$2:$C$113,0)) -> Pm | R385: =IF(NOT(ISBLANK(O385)),O385,ROUNDDOWN(AVERAGE($O$2:$O$990),2)) -> 8.615574 | S385: =IF(ISBLANK(O385),ROUNDDOWN(AVERAGEIF($M$2:$M$990,M385,$O$2:$O$990),2),O385) -> 8.615574
A386: 698 | B386: La | C386: 135 | D386: 57 | E386: 78 | F386: 8.713179 | H386: =IF(B386=$H$1,COUNT($H$2:H387)+1," ") | L386: 385 | M386: 27 | N386: 33 | O386: 9.098811 | P386: =N386+M386 -> 60 | Q386: =INDEX(Elemek!$B$2:$B$113,MATCH(M386,Elemek!$C$2:$C$113,0)) -> Co | R386: =IF(NOT(ISBLANK(O386)),O386,ROUNDDOWN(AVERAGE($O$2:$O$990),2)) -> 9.098811 | S386: =IF(ISBLANK(O386),ROUNDDOWN(AVERAGEIF($M$2:$M$990,M386,$O$2:$O$990),2),O386) -> 9.098811
A387: 110 | B387: Ba | C387: 137 | D387: 56 | E387: 81 | F387: 8.711628 | H387: =IF(B387=$H$1,COUNT($H$2:H388)+1," ") | L387: 386 | M387: 63 | N387: 92 | O387: 8.534711 | P387: =N387+M387 -> 155 | Q387: =INDEX(Elemek!$B$2:$B$113,MATCH(M387,Elemek!$C$2:$C$113,0)) -> Eu | R387: =IF(NOT(ISBLANK(O387)),O387,ROUNDDOWN(AVERAGE($O$2:$O$990),2)) -> 8.534711 | S387: =IF(ISBLANK(O387),ROUNDDOWN(AVERAGEIF($M$2:$M$990,M387,$O$2:$O$990),2),O387) -> 8.534711
A388: 765 | B388: Xe | C388: 135 | D388: 54 | E388: 81 | F388: 8.711453 | H388: =IF(B388=$H$1,COUNT($H$2:H389)+1," ") | L388: 387 | M388: 81 | N388: 123 | O388: 8.190671 | P388: =N388+M388 -> 204 | Q388: =INDEX(Elemek!$B$2:$B$113,MATCH(M388,Elemek!$C$2:$C$113,0)) -> Tl | R388: =IF(NOT(ISBLANK(O388)),O388,ROUNDDOWN(AVERAGE($O$2:$O$990),2)) -> 8.190671 | S388: =IF(ISBLANK(O388),ROUNDDOWN(AVERAGEIF($M$2:$M$990,M388,$O$2:$O$990),2),O388) -> 8.190671
... A414: 117 | B414: Nd | C414: 142 | D414: 60 | E414: 82 | F414: 8.676646 | H414: =IF(B414=$H$1,COUNT($H$2:H415)+1," ") | L414: 413 | M414: 25 | N414: 29 | O414: 9.100131 | P414: =N414+M414 -> 54 | Q414: =INDEX(Elemek!$B$2:$B$113,MATCH(M414,Elemek!$C$2:$C$113,0)) -> Mn | R414: =IF(NOT(ISBLANK(O414)),O414,ROUNDDOWN(AVERAGE($O$2:$O$990),2)) -> 9.100131 | S414: =IF(ISBLANK(O414),ROUNDDOWN(AVERAGEIF($M$2:$M$990,M414,$O$2:$O$990),2),O414) -> 9.100131
A415: 638 | B415: La | C415: 140 | D415: 57 | E415: 83 | F415: 8.67362 | H415: =IF(B415=$H$1,COUNT($H$2:H416)+1," ") | L415: 414 | M415: 50 | N415: 69 | P415: =N415+M415 -> 119 | Q415: =INDEX(Elemek!$B$2:$B$113,MATCH(M415,Elemek!$C$2:$C$113,0)) -> Sn | R415: =IF(NOT(ISBLANK(O415)),O415,ROUNDDOWN(AVERAGE($O$2:$O$990),2)) -> #DIV/0! | S415: =IF(ISBLANK(O415),ROUNDDOWN(AVERAGEIF($M$2:$M$990,M415,$O$2:$O$990),2),O415) -> #DIV/0!
A416: 591 | B416: Nd | C416: 140 | D416: 60 | E416: 80 | F416: 8.673113 | H416: =IF(B416=$H$1,COUNT($H$2:H417)+1," ") | L416: 415 | M416: 58 | N416: 86 | O416: 8.629918 | P416: =N416+M416 -> 144 | Q416: =INDEX(Elemek!$B$2:$B$113,MATCH(M416,Elemek!$C$2:$C$113,0)) -> Ce | R416: =IF(NOT(ISBLANK(O416)),O416,ROUNDDOWN(AVERAGE($O$2:$O$990),2)) -> 8.629918 | S416: =IF(ISBLANK(O416),ROUNDDOWN(AVERAGEIF($M$2:$M$990,M416,$O$2:$O$990),2),O416) -> 8.629918
A417: 904 | B417: Pr | C417: 138 | D417: 59 | E417: 79 | F417: 8.671088 | H417: =IF(B417=$H$1,COUNT($H$2:H418)+1," ") | L417: 416 | M417: 99 | N417: 155 | O417: 7.748524 | P417: =N417+M417 -> 254 | Q417: =INDEX(Elemek!$B$2:$B$113,MATCH(M417,Elemek!$C$2:$C$113,0)) -> Es | R417: =IF(NOT(ISBLANK(O417)),O417,ROUNDDOWN(AVERAGE($O$2:$O$990),2)) -> 7.748524 | S417: =IF(ISBLANK(O417),ROUNDDOWN(AVERAGEIF($M$2:$M$990,M417,$O$2:$O$990),2),O417) -> 7.748524
A418: 886 | B418: Nd | C418: 141 | D418: 60 | E418: 81 | F418: 8.668476 | H418: =IF(B418=$H$1,COUNT($H$2:H419)+1," ") | L418: 417 | M418: 27 | N418: 30 | O418: 9.112454 | P418: =N418+M418 -> 57 | Q418: =INDEX(Elemek!$B$2:$B$113,MATCH(M418,Elemek!$C$2:$C$113,0)) -> Co | R418: =IF(NOT(ISBLANK(O418)),O418,ROUNDDOWN(AVERAGE($O$2:$O$990),2)) -> 9.112454 | S418: =IF(ISBLANK(O418),ROUNDDOWN(AVERAGEIF($M$2:$M$990,M418,$O$2:$O$990),2),O418) -> 9.112454
A419: 217 | B419: Ce | C419: 142 | D419: 58 | E419: 84 | F419: 8.666666 | H419: =IF(B419=$H$1,COUNT($H$2:H420)+1," ") | L419: 418 | M419: 32 | N419: 36 | O419: 9.056327 | P419: =N419+M419 -> 68 | Q419: =INDEX(Elemek!$B$2:$B$113,MATCH(M419,Elemek!$C$2:$C$113,0)) -> Ge | R419: =IF(NOT(ISBLANK(O419)),O419,ROUNDDOWN(AVERAGE($O$2:$O$990),2)) -> 9.056327 | S419: =IF(ISBLANK(O419),ROUNDDOWN(AVERAGEIF($M$2:$M$990,M419,$O$2:$O$990),2),O419) -> 9.056327
A420: 527 | B420: Ba | C420: 140 | D420: 56 | E420: 84 | F420: 8.66612 | H420: =IF(B420=$H$1,COUNT($H$2:H421)+1," ") | L420: 419 | M420: 61 | N420: 82 | O420: 8.651509 | P420: =N420+M420 -> 143 | Q420: =INDEX(Elemek!$B$2:$B$113,MATCH(M420,Elemek!$C$2:$C$113,0)) -> Pm | R420: =IF(NOT(ISBLANK(O420)),O420,ROUNDDOWN(AVERAGE($O$2:$O$990),2)) -> 8.651509 | S420: =IF(ISBLANK(O420),ROUNDDOWN(AVERAGEIF($M$2:$M$990,M420,$O$2:$O$990),2),O420) -> 8.651509
A421: 807 | B421: Nd | C421: 138 | D421: 60 | E421: 78 | F421: 8.665661 | H421: =IF(B421=$H$1,COUNT($H$2:H422)+1," ") | L421: 420 | M421: 47 | N421: 63 | O421: 8.865355 | P421: =N421+M421 -> 110 | Q421: =INDEX(Elemek!$B$2:$B$113,MATCH(M421,Elemek!$C$2:$C$113,0)) -> Ag | R421: =IF(NOT(ISBLANK(O421)),O421,ROUNDDOWN(AVERAGE($O$2:$O$990),2)) -> 8.865355 | S421: =IF(ISBLANK(O421),ROUNDDOWN(AVERAGEIF($M$2:$M$990,M421,$O$2:$O$990),2),O421) -> 8.865355
A422: 700 | B422: Pr | C422: 142 | D422: 59 | E422: 83 | F422: 8.661417 | H422: =IF(B422=$H$1,COUNT($H$2:H423)+1," ") | L422: 421 | M422: 30 | N422: 35 | O422: 9.085352 | P422: =N422+M422 -> 65 | Q422: =INDEX(Elemek!$B$2:$B$113,MATCH(M422,Elemek!$C$2:$C$113,0)) -> Zn | R422: =IF(NOT(ISBLANK(O422)),O422,ROUNDDOWN(AVERAGE($O$2:$O$990),2)) -> 9.085352 | S422: =IF(ISBLANK(O422),ROUNDDOWN(AVERAGEIF($M$2:$M$990,M422,$O$2:$O$990),2),O422) -> 9.085352
A423: 837 | B423: La | C423: 141 | D423: 57 | E423: 84 | F423: 8.65954 | H423: =IF(B423=$H$1,COUNT($H$2:H424)+1," ") | L423: 422 | M423: 64 | N423: 89 | O423: 8.547731 | P423: =N423+M423 -> 153 | Q423: =INDEX(Elemek!$B$2:$B$113,MATCH(M423,Elemek!$C$2:$C$113,0)) -> Gd | R423: =IF(NOT(ISBLANK(O423)),O423,ROUNDDOWN(AVERAGE($O$2:$O$990),2)) -> 8.547731 | S423: =IF(ISBLANK(O423),ROUNDDOWN(AVERAGEIF($M$2:$M$990,M423,$O$2:$O$990),2),O423) -> 8.547731
A424: 800 | B424: Nd | C424: 139 | D424: 60 | E424: 79 | F424: 8.659529 | H424: =IF(B424=$H$1,COUNT($H$2:H425)+1," ") | L424: 423 | M424: 45 | N424: 57 | P424: =N424+M424 -> 102 | Q424: =INDEX(Elemek!$B$2:$B$113,MATCH(M424,Elemek!$C$2:$C$113,0)) -> Rh | R424: =IF(NOT(ISBLANK(O424)),O424,ROUNDDOWN(AVERAGE($O$2:$O$990),2)) -> #DIV/0! | S424: =IF(ISBLANK(O424),ROUNDDOWN(AVERAGEIF($M$2:$M$990,M424,$O$2:$O$990),2),O424) -> #DIV/0!
A425: 154 | B425: Nd | C425: 143 | D425: 60 | E425: 83 | F425: 8.658792 | H425: =IF(B425=$H$1,COUNT($H$2:H426)+1," ") | L425: 424 | M425: 79 | N425: 116 | O425: 8.238353 | P425: =N425+M425 -> 195 | Q425: =INDEX(Elemek!$B$2:$B$113,MATCH(M425,Elemek!$C$2:$C$113,0)) -> Au | R425: =IF(NOT(ISBLANK(O425)),O425,ROUNDDOWN(AVERAGE($O$2:$O$990),2)) -> 8.238353 | S425: =IF(ISBLANK(O425),ROUNDDOWN(AVERAGEIF($M$2:$M$990,M425,$O$2:$O$990),2),O425) -> 8.238353
A426: 272 | B426: Nd | C426: 144 | D426: 60 | E426: 84 | F426: 8.652947 | H426: =IF(B426=$H$1,COUNT($H$2:H427)+1," ") | L426: 425 | M426: 77 | N426: 117 | O426: 8.238025 | P426: =N426+M426 -> 194 | Q426: =INDEX(Elemek!$B$2:$B$113,MATCH(M426,Elemek!$C$2:$C$113,0)) -> Ir | R426: =IF(NOT(ISBLANK(O426)),O426,ROUNDDOWN(AVERAGE($O$2:$O$990),2)) -> 8.238025 | S426: =IF(ISBLANK(O426),ROUNDDOWN(AVERAGEIF($M$2:$M$990,M426,$O$2:$O$990),2),O426) -> 8.238025
A427: 523 | B427: Pr | C427: 143 | D427: 59 | E427: 84 | F427: 8.652258 | H427: =IF(B427=$H$1,COUNT($H$2:H428)+1," ") | L427: 426 | M427: 75 | N427: 109 | O427: 8.31067 | P427: =N427+M427 -> 184 | Q427: =INDEX(Elemek!$B$2:$B$113,MATCH(M427,Elemek!$C$2:$C$113,0)) -> Re | R427: =IF(NOT(ISBLANK(O427)),O427,ROUNDDOWN(AVERAGE($O$2:$O$990),2)) -> 8.31067 | S427: =IF(ISBLANK(O427),ROUNDDOWN(AVERAGEIF($M$2:$M$990,M427,$O$2:$O$990),2),O427) -> 8.31067
A428: 118 | B428: Mg | C428: 24 | D428: 12 | E428: 12 | F428: 8.651911 | H428: =IF(B428=$H$1,COUNT($H$2:H429)+1," ") | L428: 427 | M428: 96 | N428: 146 | O428: 7.84486 | P428: =N428+M428 -> 242 | Q428: =INDEX(Elemek!$B$2:$B$113,MATCH(M428,Elemek!$C$2:$C$113,0)) -> Cm | R428: =IF(NOT(ISBLANK(O428)),O428,ROUNDDOWN(AVERAGE($O$2:$O$990),2)) -> 7.84486 | S428: =IF(ISBLANK(O428),ROUNDDOWN(AVERAGEIF($M$2:$M$990,M428,$O$2:$O$990),2),O428) -> 7.84486
A429: 419 | B429: Pm | C429: 143 | D429: 61 | E429: 82 | F429: 8.651509 | H429: =IF(B429=$H$1,COUNT($H$2:H430)+1," ") | L429: 428 | M429: 20 | N429: 25 | O429: 8.978261 | P429: =N429+M429 -> 45 | Q429: =INDEX(Elemek!$B$2:$B$113,MATCH(M429,Elemek!$C$2:$C$113,0)) -> Ca | R429: =IF(NOT(ISBLANK(O429)),O429,ROUNDDOWN(AVERAGE($O$2:$O$990),2)) -> 8.978261 | S429: =IF(ISBLANK(O429),ROUNDDOWN(AVERAGEIF($M$2:$M$990,M429,$O$2:$O$990),2),O429) -> 8.978261
A430: 654 | B430: Ce | C430: 143 | D430: 58 | E430: 85 | F430: 8.642041 | H430: =IF(B430=$H$1,COUNT($H$2:H431)+1," ") | L430: 429 | M430: 71 | N430: 106 | O430: 8.361829 | P430: =N430+M430 -> 177 | Q430: =INDEX(Elemek!$B$2:$B$113,MATCH(M430,Elemek!$C$2:$C$113,0)) -> Lu | R430: =IF(NOT(ISBLANK(O430)),O430,ROUNDDOWN(AVERAGE($O$2:$O$990),2)) -> 8.361829 | S430: =IF(ISBLANK(O430),ROUNDDOWN(AVERAGEIF($M$2:$M$990,M430,$O$2:$O$990),2),O430) -> 8.361829
A431: 209 | B431: Sm | C431: 144 | D431: 62 | E431: 82 | F431: 8.640577 | H431: =IF(B431=$H$1,COUNT($H$2:H432)+1," ") | L431: 430 | M431: 52 | N431: 69 | O431: 8.800749 | P431: =N431+M431 -> 121 | Q431: =INDEX(Elemek!$B$2:$B$113,MATCH(M431,Elemek!$C$2:$C$113,0)) -> Te | R431: =IF(NOT(ISBLANK(O431)),O431,ROUNDDOWN(AVERAGE($O$2:$O$990),2)) -> 8.800749 | S431: =IF(ISBLANK(O431),ROUNDDOWN(AVERAGEIF($M$2:$M$990,M431,$O$2:$O$990),2),O431) -> 8.800749
A432: 408 | B432: Pm | C432: 144 | D432: 61 | E432: 83 | F432: 8.636751 | H432: =IF(B432=$H$1,COUNT($H$2:H433)+1," ") | L432: 431 | M432: 66 | N432: 93 | O432: 8.506378 | P432: =N432+M432 -> 159 | Q432: =INDEX(Elemek!$B$2:$B$113,MATCH(M432,Elemek!$C$2:$C$113,0)) -> Dy | R432: =IF(NOT(ISBLANK(O432)),O432,ROUNDDOWN(AVERAGE($O$2:$O$990),2)) -> 8.506378 | S432: =IF(ISBLANK(O432),ROUNDDOWN(AVERAGEIF($M$2:$M$990,M432,$O$2:$O$990),2),O432) -> 8.506378
A433: 945 | B433: La | C433: 142 | D433: 57 | E433: 85 | F433: 8.634954 | H433: =IF(B433=$H$1,COUNT($H$2:H434)+1," ") | L433: 432 | M433: 71 | N433: 103 | P433: =N433+M433 -> 174 | Q433: =INDEX(Elemek!$B$2:$B$113,MATCH(M433,Elemek!$C$2:$C$113,0)) -> Lu | R433: =IF(NOT(ISBLANK(O433)),O433,ROUNDDOWN(AVERAGE($O$2:$O$990),2)) -> #DIV/0! | S433: =IF(ISBLANK(O433),ROUNDDOWN(AVERAGEIF($M$2:$M$990,M433,$O$2:$O$990),2),O433) -> #DIV/0!
A434: 240 | B434: Nd | C434: 145 | D434: 60 | E434: 85 | F434: 8.632963 | H434: =IF(B434=$H$1,COUNT($H$2:H435)+1," ") | L434: 433 | M434: 84 | N434: 126 | O434: 8.147295 | P434: =N434+M434 -> 210 | Q434: =INDEX(Elemek!$B$2:$B$113,MATCH(M434,Elemek!$C$2:$C$113,0)) -> Po | R434: =IF(NOT(ISBLANK(O434)),O434,ROUNDDOWN(AVERAGE($O$2:$O$990),2)) -> 8.147295 | S434: =IF(ISBLANK(O434),ROUNDDOWN(AVERAGEIF($M$2:$M$990,M434,$O$2:$O$990),2),O434) -> 8.147295
A435: 372 | B435: Pm | C435: 145 | D435: 61 | E435: 84 | F435: 8.631838 | H435: =IF(B435=$H$1,COUNT($H$2:H436)+1," ") | L435: 434 | M435: 58 | N435: 81 | O435: 8.696881 | P435: =N435+M435 -> 139 | Q435: =INDEX(Elemek!$B$2:$B$113,MATCH(M435,Elemek!$C$2:$C$113,0)) -> Ce | R435: =IF(NOT(ISBLANK(O435)),O435,ROUNDDOWN(AVERAGE($O$2:$O$990),2)) -> 8.696881 | S435: =IF(ISBLANK(O435),ROUNDDOWN(AVERAGEIF($M$2:$M$990,M435,$O$2:$O$990),2),O435) -> 8.696881
A436: 415 | B436: Ce | C436: 144 | D436: 58 | E436: 86 | F436: 8.629918 | H436: =IF(B436=$H$1,COUNT($H$2:H437)+1," ") | L436: 435 | M436: 50 | N436: 73 | O436: 8.785311 | P436: =N436+M436 -> 123 | Q436: =INDEX(Elemek!$B$2:$B$113,MATCH(M436,Elemek!$C$2:$C$113,0)) -> Sn | R436: =IF(NOT(ISBLANK(O436)),O436,ROUNDDOWN(AVERAGE($O$2:$O$990),2)) -> 8.785311 | S436: =IF(ISBLANK(O436),ROUNDDOWN(AVERAGEIF($M$2:$M$990,M436,$O$2:$O$990),2),O436) -> 8.785311
A437: 965 | B437: Sm | C437: 142 | D437: 62 | E437: 80 | F437: 8.627616 | H437: =IF(B437=$H$1,COUNT($H$2:H438)+1," ") | L437: 436 | M437: 69 | N437: 101 | O437: 8.423096 | P437: =N437+M437 -> 170 | Q437: =INDEX(Elemek!$B$2:$B$113,MATCH(M437,Elemek!$C$2:$C$113,0)) -> Tm | R437: =IF(NOT(ISBLANK(O437)),O437,ROUNDDOWN(AVERAGE($O$2:$O$990),2)) -> 8.423096 | S437: =IF(ISBLANK(O437),ROUNDDOWN(AVERAGEIF($M$2:$M$990,M437,$O$2:$O$990),2),O437) -> 8.423096
A438: 409 | B438: Sm | C438: 145 | D438: 62 | E438: 83 | F438: 8.62759 | H438: =IF(B438=$H$1,COUNT($H$2:H439)+1," ") | L438: 437 | M438: 64 | N438: 87 | O438: 8.562685 | P438: =N438+M438 -> 151 | Q438: =INDEX(Elemek!$B$2:$B$113,MATCH(M438,Elemek!$C$2:$C$113,0)) -> Gd | R438: =IF(NOT(ISBLANK(O438)),O438,ROUNDDOWN(AVERAGE($O$2:$O$990),2)) -> 8.562685 | S438: =IF(ISBLANK(O438),ROUNDDOWN(AVERAGEIF($M$2:$M$990,M438,$O$2:$O$990),2),O438) -> 8.562685
A439: 287 | B439: Sm | C439: 146 | D439: 62 | E439: 84 | F439: 8.626136 | H439: =IF(B439=$H$1,COUNT($H$2:H440)+1," ") | L439: 438 | M439: 74 | N439: 107 | O439: 8.337924 | P439: =N439+M439 -> 181 | Q439: =INDEX(Elemek!$B$2:$B$113,MATCH(M439,Elemek!$C$2:$C$113,0)) -> W | R439: =IF(NOT(ISBLANK(O439)),O439,ROUNDDOWN(AVERAGE($O$2:$O$990),2)) -> 8.337924 | S439: =IF(ISBLANK(O439),ROUNDDOWN(AVERAGEIF($M$2:$M$990,M439,$O$2:$O$990),2),O439) -> 8.337924
A440: 221 | B440: Nd | C440: 146 | D440: 60 | E440: 86 | F440: 8.625649 | H440: =IF(B440=$H$1,COUNT($H$2:H441)+1," ") | L440: 439 | M440: 34 | N440: 41 | O440: 9.033581 | P440: =N440+M440 -> 75 | Q440: =INDEX(Elemek!$B$2:$B$113,MATCH(M440,Elemek!$C$2:$C$113,0)) -> Se | R440: =IF(NOT(ISBLANK(O440)),O440,ROUNDDOWN(AVERAGE($O$2:$O$990),2)) -> 9.033581 | S440: =IF(ISBLANK(O440),ROUNDDOWN(AVERAGEIF($M$2:$M$990,M440,$O$2:$O$990),2),O440) -> 9.033581
A441: 794 | B441: Pr | C441: 145 | D441: 59 | E441: 86 | F441: 8.620514 | H441: =IF(B441=$H$1,COUNT($H$2:H442)+1," ") | L441: 440 | M441: 52 | N441: 71 | P441: =N441+M441 -> 123 | Q441: =INDEX(Elemek!$B$2:$B$113,MATCH(M441,Elemek!$C$2:$C$113,0)) -> Te | R441: =IF(NOT(ISBLANK(O441)),O441,ROUNDDOWN(AVERAGE($O$2:$O$990),2)) -> #DIV/0! | S441: =IF(ISBLANK(O441),ROUNDDOWN(AVERAGEIF($M$2:$M$990,M441,$O$2:$O$990),2),O441) -> #DIV/0!
A442: 384 | B442: Pm | C442: 146 | D442: 61 | E442: 85 | F442: 8.615574 | H442: =IF(B442=$H$1,COUNT($H$2:H443)+1," ") | L442: 441 | M442: 50 | N442: 63 | O442: 8.853035 | P442: =N442+M442 -> 113 | Q442: =INDEX(Elemek!$B$2:$B$113,MATCH(M442,Elemek!$C$2:$C$113,0)) -> Sn | R442: =IF(NOT(ISBLANK(O442)),O442,ROUNDDOWN(AVERAGE($O$2:$O$990),2)) -> 8.853035 | S442: =IF(ISBLANK(O442),ROUNDDOWN(AVERAGEIF($M$2:$M$990,M442,$O$2:$O$990),2),O442) -> 8.853035
A443: 278 | B443: Sm | C443: 147 | D443: 62 | E443: 85 | F443: 8.610593 | H443: =IF(B443=$H$1,COUNT($H$2:H444)+1," ") | L443: 442 | M443: 73 | N443: 109 | O443: 8.326456 | P443: =N443+M443 -> 182 | Q443: =INDEX(Elemek!$B$2:$B$113,MATCH(M443,Elemek!$C$2:$C$113,0)) -> Ta | R443: =IF(NOT(ISBLANK(O443)),O443,ROUNDDOWN(AVERAGE($O$2:$O$990),2)) -> 8.326456 | S443: =IF(ISBLANK(O443),ROUNDDOWN(AVERAGEIF($M$2:$M$990,M443,$O$2:$O$990),2),O443) -> 8.326456
A444: 563 | B444: Eu | C444: 145 | D444: 63 | E444: 82 | F444: 8.609245 | H444: =IF(B444=$H$1,COUNT($H$2:H445)+1," ") | L444: 443 | M444: 52 | N444: 75 | O444: 8.765759 | P444: =N444+M444 -> 127 | Q444: =INDEX(Elemek!$B$2:$B$113,MATCH(M444,Elemek!$C$2:$C$113,0)) -> Te | R444: =IF(NOT(ISBLANK(O444)),O444,ROUNDDOWN(AVERAGE($O$2:$O$990),2)) -> 8.765759 | S444: =IF(ISBLANK(O444),ROUNDDOWN(AVERAGEIF($M$2:$M$990,M444,$O$2:$O$990),2),O444) -> 8.765759
A445: 396 | B445: Pm | C445: 147 | D445: 61 | E445: 86 | F445: 8.609068 | H445: =IF(B445=$H$1,COUNT($H$2:H446)+1," ") | L445: 444 | M445: 39 | N445: 49 | O445: 9.029272 | P445: =N445+M445 -> 88 | Q445: =INDEX(Elemek!$B$2:$B$113,MATCH(M445,Elemek!$C$2:$C$113,0)) -> Y | R445: =IF(NOT(ISBLANK(O445)),O445,ROUNDDOWN(AVERAGE($O$2:$O$990),2)) -> 9.029272 | S445: =IF(ISBLANK(O445),ROUNDDOWN(AVERAGEIF($M$2:$M$990,M445,$O$2:$O$990),2),O445) -> 9.029272
A446: 690 | B446: Mg | C446: 28 | D446: 12 | E446: 16 | F446: 8.607706 | H446: =IF(B446=$H$1,COUNT($H$2:H447)+1," ") | L446: 445 | M446: 100 | N446: 157 | O446: 7.726619 | P446: =N446+M446 -> 257 | Q446: =INDEX(Elemek!$B$2:$B$113,MATCH(M446,Elemek!$C$2:$C$113,0)) -> Fm | R446: =IF(NOT(ISBLANK(O446)),O446,ROUNDDOWN(AVERAGE($O$2:$O$990),2)) -> 7.726619 | S446: =IF(ISBLANK(O446),ROUNDDOWN(AVERAGEIF($M$2:$M$990,M446,$O$2:$O$990),2),O446) -> 7.726619
A447: 271 | B447: Sm | C447: 148 | D447: 62 | E447: 86 | F447: 8.607423 | H447: =IF(B447=$H$1,COUNT($H$2:H448)+1," ") | L447: 446 | M447: 76 | N447: 109 | O447: 8.30273 | P447: =N447+M447 -> 185 | Q447: =INDEX(Elemek!$B$2:$B$113,MATCH(M447,Elemek!$C$2:$C$113,0)) -> Os | R447: =IF(NOT(ISBLANK(O447)),O447,ROUNDDOWN(AVERAGE($O$2:$O$990),2)) -> 8.30273 | S447: =IF(ISBLANK(O447),ROUNDDOWN(AVERAGEIF($M$2:$M$990,M447,$O$2:$O$990),2),O447) -> 8.30273
A448: 535 | B448: Nd | C448: 147 | D448: 60 | E448: 87 | F448: 8.602973 | H448: =IF(B448=$H$1,COUNT($H$2:H449)+1," ") | L448: 447 | M448: 69 | N448: 99 | O448: 8.436316 | P448: =N448+M448 -> 168 | Q448: =INDEX(Elemek!$B$2:$B$113,MATCH(M448,Elemek!$C$2:$C$113,0)) -> Tm | R448: =IF(NOT(ISBLANK(O448)),O448,ROUNDDOWN(AVERAGE($O$2:$O$990),2)) -> 8.436316 | S448: =IF(ISBLANK(O448),ROUNDDOWN(AVERAGEIF($M$2:$M$990,M448,$O$2:$O$990),2),O448) -> 8.436316
A449: 574 | B449: Eu | C449: 146 | D449: 63 | E449: 83 | F449: 8.59956 | H449: =IF(B449=$H$1,COUNT($H$2:H450)+1," ") | L449: 448 | M449: 63 | N449: 86 | O449: 8.584395 | P449: =N449+M449 -> 149 | Q449: =INDEX(Elemek!$B$2:$B$113,MATCH(M449,Elemek!$C$2:$C$113,0)) -> Eu | R449: =IF(NOT(ISBLANK(O449)),O449,ROUNDDOWN(AVERAGE($O$2:$O$990),2)) -> 8.584395 | S449: =IF(ISBLANK(O449),ROUNDDOWN(AVERAGEIF($M$2:$M$990,M449,$O$2:$O$990),2),O449) -> 8.584395
A450: 119 | B450: Mg | C450: 25 | D450: 12 | E450: 13 | F450: 8.599047 | H450: =IF(B450=$H$1,COUNT($H$2:H451)+1," ") | L450: 449 | M450: 43 | N450: 54 | P450: =N450+M450 -> 97 | Q450: =INDEX(Elemek!$B$2:$B$113,MATCH(M450,Elemek!$C$2:$C$113,0)) -> Tc | R450: =IF(NOT(ISBLANK(O450)),O450,ROUNDDOWN(AVERAGE($O$2:$O$990),2)) -> #DIV/0! | S450: =IF(ISBLANK(O450),ROUNDDOWN(AVERAGEIF($M$2:$M$990,M450,$O$2:$O$990),2),O450) -> #DIV/0!
A451: 504 | B451: Eu | C451: 147 | D451: 63 | E451: 84 | F451: 8.598879 | H451: =IF(B451=$H$1,COUNT($H$2:H452)+1," ") | L451: 450 | M451: 16 | N451: 19 | O451: 8.89551 | P451: =N451+M451 -> 35 | Q451: =INDEX(Elemek!$B$2:$B$113,MATCH(M451,Elemek!$C$2:$C$113,0)) -> S | R451: =IF(NOT(ISBLANK(O451)),O451,ROUNDDOWN(AVERAGE($O$2:$O$990),2)) -> 8.89551 | S451: =IF(ISBLANK(O451),ROUNDDOWN(AVERAGEIF($M$2:$M$990,M451,$O$2:$O$990),2),O451) -> 8.89551
A452: 216 | B452: Nd | C452: 148 | D452: 60 | E452: 88 | F452: 8.594388 | H452: =IF(B452=$H$1,COUNT($H$2:H453)+1," ") | L452: 451 | M452: 37 | N452: 46 | O452: 9.024038 | P452: =N452+M452 -> 83 | Q452: =INDEX(Elemek!$B$2:$B$113,MATCH(M452,Elemek!$C$2:$C$113,0)) -> Rb | R452: =IF(NOT(ISBLANK(O452)),O452,ROUNDDOWN(AVERAGE($O$2:$O$990),2)) -> 9.024038 | S452: =IF(ISBLANK(O452),ROUNDDOWN(AVERAGEIF($M$2:$M$990,M452,$O$2:$O$990),2),O452) -> 9.024038
A453: 477 | B453: Gd | C453: 146 | D453: 64 | E453: 82 | F453: 8.592512 | H453: =IF(B453=$H$1,COUNT($H$2:H454)+1," ") | L453: 452 | M453: 21 | N453: 25 | O453: 8.979091 | P453: =N453+M453 -> 46 | Q453: =INDEX(Elemek!$B$2:$B$113,MATCH(M453,Elemek!$C$2:$C$113,0)) -> Sc | R453: =IF(NOT(ISBLANK(O453)),O453,ROUNDDOWN(AVERAGE($O$2:$O$990),2)) -> 8.979091 | S453: =IF(ISBLANK(O453),ROUNDDOWN(AVERAGEIF($M$2:$M$990,M453,$O$2:$O$990),2),O453) -> 8.979091
A454: 483 | B454: Pm | C454: 148 | D454: 61 | E454: 87 | F454: 8.5898 | H454: =IF(B454=$H$1,COUNT($H$2:H455)+1," ") | L454: 453 | M454: 40 | N454: 48 | O454: 9.021589 | P454: =N454+M454 -> 88 | Q454: =INDEX(Elemek!$B$2:$B$113,MATCH(M454,Elemek!$C$2:$C$113,0)) -> Zr | R454: =IF(NOT(ISBLANK(O454)),O454,ROUNDDOWN(AVERAGE($O$2:$O$990),2)) -> 9.021589 | S454: =IF(ISBLANK(O454),ROUNDDOWN(AVERAGEIF($M$2:$M$990,M454,$O$2:$O$990),2),O454) -> 9.021589
A455: 247 | B455: Sm | C455: 149 | D455: 62 | E455: 87 | F455: 8.589058 | H455: =IF(B455=$H$1,COUNT($H$2:H456)+1," ") | L455: 454 | M455: 33 | N455: 40 | O455: 9.043341 | P455: =N455+M455 -> 73 | Q455: =INDEX(Elemek!$B$2:$B$113,MATCH(M455,Elemek!$C$2:$C$113,0)) -> As | R455: =IF(NOT(ISBLANK(O455)),O455,ROUNDDOWN(AVERAGE($O$2:$O$990),2)) -> 9.043341 | S455: =IF(ISBLANK(O455),ROUNDDOWN(AVERAGEIF($M$2:$M$990,M455,$O$2:$O$990),2),O455) -> 9.043341
A456: 472 | B456: Eu | C456: 148 | D456: 63 | E456: 85 | F456: 8.586882 | H456: =IF(B456=$H$1,COUNT($H$2:H457)+1," ") | L456: 455 | M456: 27 | N456: 29 | O456: 9.072031 | P456: =N456+M456 -> 56 | Q456: =INDEX(Elemek!$B$2:$B$113,MATCH(M456,Elemek!$C$2:$C$113,0)) -> Co | R456: =IF(NOT(ISBLANK(O456)),O456,ROUNDDOWN(AVERAGE($O$2:$O$990),2)) -> 9.072031 | S456: =IF(ISBLANK(O456),ROUNDDOWN(AVERAGEIF($M$2:$M$990,M456,$O$2:$O$990),2),O456) -> 9.072031
A457: 356 | B457: Gd | C457: 148 | D457: 64 | E457: 84 | F457: 8.586706 | H457: =IF(B457=$H$1,COUNT($H$2:H458)+1," ") | L457: 456 | M457: 74 | N457: 111 | O457: 8.305866 | P457: =N457+M457 -> 185 | Q457: =INDEX(Elemek!$B$2:$B$113,MATCH(M457,Elemek!$C$2:$C$113,0)) -> W | R457: =IF(NOT(ISBLANK(O457)),O457,ROUNDDOWN(AVERAGE($O$2:$O$990),2)) -> 8.305866 | S457: =IF(ISBLANK(O457),ROUNDDOWN(AVERAGEIF($M$2:$M$990,M457,$O$2:$O$990),2),O457) -> 8.305866
A458: 155 | B458: Sm | C458: 150 | D458: 62 | E458: 88 | F458: 8.585043 | H458: =IF(B458=$H$1,COUNT($H$2:H459)+1," ") | L458: 457 | M458: 77 | N458: 115 | P458: =N458+M458 -> 192 | Q458: =INDEX(Elemek!$B$2:$B$113,MATCH(M458,Elemek!$C$2:$C$113,0)) -> Ir | R458: =IF(NOT(ISBLANK(O458)),O458,ROUNDDOWN(AVERAGE($O$2:$O$990),2)) -> #DIV/0! | S458: =IF(ISBLANK(O458),ROUNDDOWN(AVERAGEIF($M$2:$M$990,M458,$O$2:$O$990),2),O458) -> #DIV/0!
A459: 448 | B459: Eu | C459: 149 | D459: 63 | E459: 86 | F459: 8.584395 | H459: =IF(B459=$H$1,COUNT($H$2:H460)+1," ") | L459: 458 | M459: 65 | N459: 95 | O459: 8.495346 | P459: =N459+M459 -> 160 | Q459: =INDEX(Elemek!$B$2:$B$113,MATCH(M459,Elemek!$C$2:$C$113,0)) -> Tb | R459: =IF(NOT(ISBLANK(O459)),O459,ROUNDDOWN(AVERAGE($O$2:$O$990),2)) -> 8.495346 | S459: =IF(ISBLANK(O459),ROUNDDOWN(AVERAGEIF($M$2:$M$990,M459,$O$2:$O$990),2),O459) -> 8.495346
A460: 644 | B460: Gd | C460: 147 | D460: 64 | E460: 83 | F460: 8.584001 | H460: =IF(B460=$H$1,COUNT($H$2:H461)+1," ") | L460: 459 | M460: 27 | N460: 31 | O460: 9.103153 | P460: =N460+M460 -> 58 | Q460: =INDEX(Elemek!$B$2:$B$113,MATCH(M460,Elemek!$C$2:$C$113,0)) -> Co | R460: =IF(NOT(ISBLANK(O460)),O460,ROUNDDOWN(AVERAGE($O$2:$O$990),2)) -> 9.103153 | S460: =IF(ISBLANK(O460),ROUNDDOWN(AVERAGEIF($M$2:$M$990,M460,$O$2:$O$990),2),O460) -> 9.103153
A461: 624 | B461: Pm | C461: 149 | D461: 61 | E461: 88 | F461: 8.581871 | H461: =IF(B461=$H$1,COUNT($H$2:H462)+1," ") | L461: 460 | M461: 75 | N461: 108 | O461: 8.321661 | P461: =N461+M461 -> 183 | Q461: =INDEX(Elemek!$B$2:$B$113,MATCH(M461,Elemek!$C$2:$C$113,0)) -> Re | R461: =IF(NOT(ISBLANK(O461)),O461,ROUNDDOWN(AVERAGE($O$2:$O$990),2)) -> 8.321661 | S461: =IF(ISBLANK(O461),ROUNDDOWN(AVERAGEIF($M$2:$M$990,M461,$O$2:$O$990),2),O461) -> 8.321661
A462: 302 | B462: Gd | C462: 150 | D462: 64 | E462: 86 | F462: 8.576454 | H462: =IF(B462=$H$1,COUNT($H$2:H463)+1," ") | L462: 461 | M462: 72 | N462: 103 | O462: 8.382665 | P462: =N462+M462 -> 175 | Q462: =INDEX(Elemek!$B$2:$B$113,MATCH(M462,Elemek!$C$2:$C$113,0)) -> Hf | R462: =IF(NOT(ISBLANK(O462)),O462,ROUNDDOWN(AVERAGE($O$2:$O$990),2)) -> 8.382665 | S462: =IF(ISBLANK(O462),ROUNDDOWN(AVERAGEIF($M$2:$M$990,M462,$O$2:$O$990),2),O462) -> 8.382665
A463: 544 | B463: Gd | C463: 149 | D463: 64 | E463: 85 | F463: 8.575576 | H463: =IF(B463=$H$1,COUNT($H$2:H464)+1," ") | L463: 462 | M463: 74 | N463: 114 | O463: 8.277003 | P463: =N463+M463 -> 188 | Q463: =INDEX(Elemek!$B$2:$B$113,MATCH(M463,Elemek!$C$2:$C$113,0)) -> W | R463: =IF(NOT(ISBLANK(O463)),O463,ROUNDDOWN(AVERAGE($O$2:$O$990),2)) -> 8.277003 | S463: =IF(ISBLANK(O463),ROUNDDOWN(AVERAGEIF($M$2:$M$990,M463,$O$2:$O$990),2),O463) -> 8.277003
A464: 928 | B464: Nd | C464: 149 | D464: 60 | E464: 89 | F464: 8.570529 | H464: =IF(B464=$H$1,COUNT($H$2:H465)+1," ") | L464: 463 | M464: 38 | N464: 47 | O464: 9.02548 | P464: =N464+M464 -> 85 | Q464: =INDEX(Elemek!$B$2:$B$113,MATCH(M464,Elemek!$C$2:$C$113,0)) -> Sr | R464: =IF(NOT(ISBLANK(O464)),O464,ROUNDDOWN(AVERAGE($O$2:$O$990),2)) -> 9.02548 | S464: =IF(ISBLANK(O464),ROUNDDOWN(AVERAGEIF($M$2:$M$990,M464,$O$2:$O$990),2),O464) -> 9.02548
A465: 362 | B465: Eu | C465: 150 | D465: 63 | E465: 87 | F465: 8.569974 | H465: =IF(B465=$H$1,COUNT($H$2:H466)+1," ") | L465: 464 | M465: 40 | N465: 55 | O465: 8.972989 | P465: =N465+M465 -> 95 | Q465: =INDEX(Elemek!$B$2:$B$113,MATCH(M465,Elemek!$C$2:$C$113,0)) -> Zr | R465: =IF(NOT(ISBLANK(O465)),O465,ROUNDDOWN(AVERAGE($O$2:$O$990),2)) -> 8.972989 | S465: =IF(ISBLANK(O465),ROUNDDOWN(AVERAGEIF($M$2:$M$990,M465,$O$2:$O$990),2),O465) -> 8.972989
A466: 266 | B466: Eu | C466: 151 | D466: 63 | E466: 88 | F466: 8.565759 | H466: =IF(B466=$H$1,COUNT($H$2:H467)+1," ") | L466: 465 | M466: 43 | N466: 52 | O466: 8.976359 | P466: =N466+M466 -> 95 | Q466: =INDEX(Elemek!$B$2:$B$113,MATCH(M466,Elemek!$C$2:$C$113,0)) -> Tc | R466: =IF(NOT(ISBLANK(O466)),O466,ROUNDDOWN(AVERAGE($O$2:$O$990),2)) -> 8.976359 | S466: =IF(ISBLANK(O466),ROUNDDOWN(AVERAGEIF($M$2:$M$990,M466,$O$2:$O$990),2),O466) -> 8.976359
A467: 354 | B467: Sm | C467: 151 | D467: 62 | E467: 89 | F467: 8.565251 | H467: =IF(B467=$H$1,COUNT($H$2:H468)+1," ") | L467: 466 | M467: 41 | N467: 50 | P467: =N467+M467 -> 91 | Q467: =INDEX(Elemek!$B$2:$B$113,MATCH(M467,Elemek!$C$2:$C$113,0)) -> Nb | R467: =IF(NOT(ISBLANK(O467)),O467,ROUNDDOWN(AVERAGE($O$2:$O$990),2)) -> #DIV/0! | S467: =IF(ISBLANK(O467),ROUNDDOWN(AVERAGEIF($M$2:$M$990,M467,$O$2:$O$990),2),O467) -> #DIV/0!
A468: 156 | B468: Sm | C468: 152 | D468: 62 | E468: 90 | F468: 8.563227 | H468: =IF(B468=$H$1,COUNT($H$2:H469)+1," ") | L468: 467 | M468: 98 | N468: 156 | O468: 7.751087 | P468: =N468+M468 -> 254 | Q468: =INDEX(Elemek!$B$2:$B$113,MATCH(M468,Elemek!$C$2:$C$113,0)) -> Cf | R468: =IF(NOT(ISBLANK(O468)),O468,ROUNDDOWN(AVERAGE($O$2:$O$990),2)) -> 7.751087 | S468: =IF(ISBLANK(O468),ROUNDDOWN(AVERAGEIF($M$2:$M$990,M468,$O$2:$O$990),2),O468) -> 7.751087
A469: 275 | B469: Gd | C469: 152 | D469: 64 | E469: 88 | F469: 8.562868 | H469: =IF(B469=$H$1,COUNT($H$2:H470)+1," ") | L469: 468 | M469: 51 | N469: 73 | O469: 8.777943 | P469: =N469+M469 -> 124 | Q469: =INDEX(Elemek!$B$2:$B$113,MATCH(M469,Elemek!$C$2:$C$113,0)) -> Sb | R469: =IF(NOT(ISBLANK(O469)),O469,ROUNDDOWN(AVERAGE($O$2:$O$990),2)) -> 8.777943 | S469: =IF(ISBLANK(O469),ROUNDDOWN(AVERAGEIF($M$2:$M$990,M469,$O$2:$O$990),2),O469) -> 8.777943
A470: 437 | B470: Gd | C470: 151 | D470: 64 | E470: 87 | F470: 8.562685 | H470: =IF(B470=$H$1,COUNT($H$2:H471)+1," ") | L470: 469 | M470: 53 | N470: 72 | O470: 8.782019 | P470: =N470+M470 -> 125 | Q470: =INDEX(Elemek!$B$2:$B$113,MATCH(M470,Elemek!$C$2:$C$113,0)) -> I | R470: =IF(NOT(ISBLANK(O470)),O470,ROUNDDOWN(AVERAGE($O$2:$O$990),2)) -> 8.782019 | S470: =IF(ISBLANK(O470),ROUNDDOWN(AVERAGEIF($M$2:$M$990,M470,$O$2:$O$990),2),O470) -> 8.782019
A471: 264 | B471: Nd | C471: 150 | D471: 60 | E471: 90 | F471: 8.562594 | H471: =IF(B471=$H$1,COUNT($H$2:H472)+1," ") | L471: 470 | M471: 39 | N471: 52 | O471: 9.020174 | P471: =N471+M471 -> 91 | Q471: =INDEX(Elemek!$B$2:$B$113,MATCH(M471,Elemek!$C$2:$C$113,0)) -> Y | R471: =IF(NOT(ISBLANK(O471)),O471,ROUNDDOWN(AVERAGE($O$2:$O$990),2)) -> 9.020174 | S471: =IF(ISBLANK(O471),ROUNDDOWN(AVERAGEIF($M$2:$M$990,M471,$O$2:$O$990),2),O471) -> 9.020174
A472: 876 | B472: Pm | C472: 150 | D472: 61 | E472: 89 | F472: 8.562014 | H472: =IF(B472=$H$1,COUNT($H$2:H473)+1," ") | L472: 471 | M472: 52 | N472: 73 | P472: =N472+M472 -> 125 | Q472: =INDEX(Elemek!$B$2:$B$113,MATCH(M472,Elemek!$C$2:$C$113,0)) -> Te | R472: =IF(NOT(ISBLANK(O472)),O472,ROUNDDOWN(AVERAGE($O$2:$O$990),2)) -> #DIV/0! | S472: =IF(ISBLANK(O472),ROUNDDOWN(AVERAGEIF($M$2:$M$990,M472,$O$2:$O$990),2),O472) -> #DIV/0!
A473: 665 | B473: Pm | C473: 151 | D473: 61 | E473: 90 | F473: 8.557387 | H473: =IF(B473=$H$1,COUNT($H$2:H474)+1," ") | L473: 472 | M473: 63 | N473: 85 | O473: 8.586882 | P473: =N473+M473 -> 148 | Q473: =INDEX(Elemek!$B$2:$B$113,MATCH(M473,Elemek!$C$2:$C$113,0)) -> Eu | R473: =IF(NOT(ISBLANK(O473)),O473,ROUNDDOWN(AVERAGE($O$2:$O$990),2)) -> 8.586882 | S473: =IF(ISBLANK(O473),ROUNDDOWN(AVERAGEIF($M$2:$M$990,M473,$O$2:$O$990),2),O473) -> 8.586882
A474: 931 | B474: Tb | C474: 147 | D474: 65 | E474: 82 | F474: 8.552634 | H474: =IF(B474=$H$1,COUNT($H$2:H475)+1," ") | L474: 473 | M474: 4 | N474: 3 | O474: 5.81847 | P474: =N474+M474 -> 7 | Q474: =INDEX(Elemek!$B$2:$B$113,MATCH(M474,Elemek!$C$2:$C$113,0)) -> Be | R474: =IF(NOT(ISBLANK(O474)),O474,ROUNDDOWN(AVERAGE($O$2:$O$990),2)) -> 5.81847 | S474: =IF(ISBLANK(O474),ROUNDDOWN(AVERAGEIF($M$2:$M$990,M474,$O$2:$O$990),2),O474) -> 5.81847
A475: 833 | B475: Tb | C475: 149 | D475: 65 | E475: 84 | F475: 8.551166 | H475: =IF(B475=$H$1,COUNT($H$2:H476)+1," ") | L475: 474 | M475: 101 | N475: 157 | O475: 7.715948 | P475: =N475+M475 -> 258 | Q475: =INDEX(Elemek!$B$2:$B$113,MATCH(M475,Elemek!$C$2:$C$113,0)) -> Md | R475: =IF(NOT(ISBLANK(O475)),O475,ROUNDDOWN(AVERAGE($O$2:$O$990),2)) -> 7.715948 | S475: =IF(ISBLANK(O475),ROUNDDOWN(AVERAGEIF($M$2:$M$990,M475,$O$2:$O$990),2),O475) -> 7.715948
A476: 376 | B476: Eu | C476: 152 | D476: 63 | E476: 89 | F476: 8.550897 | H476: =IF(B476=$H$1,COUNT($H$2:H477)+1," ") | L476: 475 | M476: 38 | N476: 51 | O476: 9.039969 | P476: =N476+M476 -> 89 | Q476: =INDEX(Elemek!$B$2:$B$113,MATCH(M476,Elemek!$C$2:$C$113,0)) -> Sr | R476: =IF(NOT(ISBLANK(O476)),O476,ROUNDDOWN(AVERAGE($O$2:$O$990),2)) -> 9.039969 | S476: =IF(ISBLANK(O476),ROUNDDOWN(AVERAGEIF($M$2:$M$990,M476,$O$2:$O$990),2),O476) -> 9.039969
...
